timestamp,sensor_id,flow_rate,pressure,temperature,ph_level,turbidity,location_x,location_y,is_anomaly,processed_at
2025-07-07 00:00:19.800000000,Anil,541.42,4.4192,23.53,8.45,254.41,-44.2549,-2.5227,True,2025-07-07 13:36:07.550858
2025-07-07 00:00:30.000000000,Centro,29.89,3.9616000000000002,23.26,7.98,549.88,-44.2906,-2.515,True,2025-07-07 13:36:07.550858
2025-07-07 00:00:31.800000000,Centro,32.14,2.9819999999999998,22.81,7.4,308.99,-44.2906,-2.515,True,2025-07-07 13:36:07.550858
2025-07-07 00:00:36.000000000,Anil,515.73,3.5925,26.85,7.89,438.99,-44.2549,-2.5227,True,2025-07-07 13:36:07.550858
2025-07-07 00:01:00.000000000,Centro,327.88,4.7241,29.21,7.14,845.37,-44.2906,-2.515,True,2025-07-07 13:36:07.550858
2025-07-07 00:01:07.800000000,Centro,27.89,5.4899000000000004,27.26,8.46,195.75,-44.2906,-2.515,True,2025-07-07 13:36:07.550858
2025-07-07 00:01:07.800000000,Anil,47.62,4.2644,30.11,6.8,788.45,-44.2549,-2.5227,True,2025-07-07 13:36:07.550858
2025-07-07 00:01:16.200000000,Anil,51.65,5.7067,30.18,7.56,399.25,-44.2549,-2.5227,True,2025-07-07 13:36:07.550858
2025-07-07 00:01:58.200000000,Anil,51.48,2.1756,29.86,8.46,161.73,-44.2549,-2.5227,True,2025-07-07 13:36:07.550858
2025-07-07 00:02:01.800000000,Anil,47.14,4.932300000000001,20.3,8.5,59.4,-44.2549,-2.5227,True,2025-07-07 13:36:07.550858
2025-07-07 00:02:16.200000000,Anil,51.93,5.1626,29.63,7.84,981.16,-44.2549,-2.5227,True,2025-07-07 13:36:07.550858
2025-07-07 00:02:30.000000000,Centro,32.94,4.4959,27.6,7.58,484.23,-44.2906,-2.515,True,2025-07-07 13:36:07.550858
2025-07-07 00:02:46.200000000,Anil,48.06,4.3469999999999995,27.13,6.83,647.24,-44.2549,-2.5227,True,2025-07-07 13:36:07.550858
2025-07-07 00:03:22.200000000,Centro,32.12,5.8646,20.32,6.59,516.25,-44.2906,-2.515,True,2025-07-07 13:36:07.550858
2025-07-07 00:03:34.199999999,Centro,31.83,3.5931,18.03,6.52,344.01,-44.2906,-2.515,True,2025-07-07 13:36:07.550858
2025-07-07 00:04:01.800000000,Anil,587.95,3.9570999999999996,19.89,7.69,76.42,-44.2549,-2.5227,True,2025-07-07 13:36:07.550858
2025-07-07 00:04:07.800000000,Centro,388.49,5.903099999999999,27.85,7.64,959.45,-44.2906,-2.515,True,2025-07-07 13:36:07.550858
2025-07-07 00:04:28.200000000,Anil,532.33,3.5462000000000002,25.18,7.47,618.86,-44.2549,-2.5227,True,2025-07-07 13:36:07.550858
2025-07-07 00:04:30.000000000,Centro,339.6,5.959,18.39,7.58,671.55,-44.2906,-2.515,True,2025-07-07 13:36:07.550858
2025-07-07 00:04:36.000000000,Anil,46.39,5.1452,19.53,7.86,558.47,-44.2549,-2.5227,True,2025-07-07 13:36:07.550858
2025-07-07 00:05:10.200000000,Anil,52.43,3.9363,19.74,7.2,968.83,-44.2549,-2.5227,True,2025-07-07 13:36:07.550858
2025-07-07 00:05:12.000000000,Anil,535.52,2.9289,18.52,7.71,311.33,-44.2549,-2.5227,True,2025-07-07 13:36:07.550858
2025-07-07 00:05:16.200000000,Anil,48.24,2.3707,23.37,6.93,386.11,-44.2549,-2.5227,True,2025-07-07 13:36:07.550858
2025-07-07 00:05:25.800000000,Anil,537.65,4.8857,31.23,6.82,471.77,-44.2549,-2.5227,True,2025-07-07 13:36:07.550858
2025-07-07 00:05:31.800000000,Centro,30.46,5.4908,23.15,8.42,668.67,-44.2906,-2.515,True,2025-07-07 13:36:07.550858
2025-07-07 00:05:42.000000000,Centro,371.32,4.2208,21.98,8.37,663.35,-44.2906,-2.515,True,2025-07-07 13:36:07.550858
2025-07-07 00:05:46.200000000,Centro,352.71,4.2984,26.58,6.63,731.36,-44.2906,-2.515,True,2025-07-07 13:36:07.550858
2025-07-07 00:06:10.200000000,Centro,31.75,5.7494000000000005,27.32,8.32,999.09,-44.2906,-2.515,True,2025-07-07 13:36:07.550858
2025-07-07 00:06:16.200000000,Anil,545.44,5.1480999999999995,29.54,7.93,101.26,-44.2549,-2.5227,True,2025-07-07 13:36:07.550858
2025-07-07 00:06:18.000000000,Centro,373.11,5.2124,21.98,7.89,276.68,-44.2906,-2.515,True,2025-07-07 13:36:07.550858
2025-07-07 00:06:34.199999999,Anil,588.67,3.3960000000000004,22.45,8.02,135.72,-44.2549,-2.5227,True,2025-07-07 13:36:07.550858
2025-07-07 00:06:55.800000000,Anil,519.17,2.06,28.45,7.89,212.03,-44.2549,-2.5227,True,2025-07-07 13:36:07.550858
2025-07-07 00:06:58.200000000,Anil,45.3,2.7392000000000003,23.05,8.05,431.31,-44.2549,-2.5227,True,2025-07-07 13:36:07.550858
2025-07-07 00:07:10.200000000,Anil,50.36,2.4483,32.07,7.09,68.44,-44.2549,-2.5227,True,2025-07-07 13:36:07.550858
2025-07-07 00:07:13.800000000,Centro,31.36,3.6820999999999997,26.03,7.27,495.84,-44.2906,-2.515,True,2025-07-07 13:36:07.550858
2025-07-07 00:07:24.000000000,Anil,529.76,2.5382,32.03,6.6,286.54,-44.2549,-2.5227,True,2025-07-07 13:36:07.550858
2025-07-07 00:07:31.800000000,Anil,46.67,2.7272000000000003,31.77,7.05,180.63,-44.2549,-2.5227,True,2025-07-07 13:36:07.550858
2025-07-07 00:07:34.199999999,Centro,388.07,2.4305000000000003,22.83,7.53,222.1,-44.2906,-2.515,True,2025-07-07 13:36:07.550858
2025-07-07 00:07:40.200000000,Anil,532.1,4.3761,30.2,8.37,353.74,-44.2549,-2.5227,True,2025-07-07 13:36:07.550858
2025-07-07 00:07:43.800000000,Centro,334.14,4.6348,18.37,8.08,643.57,-44.2906,-2.515,True,2025-07-07 13:36:07.550858
2025-07-07 00:08:40.200000000,Anil,558.91,4.5571,25.16,6.75,515.98,-44.2549,-2.5227,True,2025-07-07 13:36:07.550858
2025-07-07 00:08:42.000000000,Centro,372.85,2.1879,30.66,8.22,617.87,-44.2906,-2.515,True,2025-07-07 13:36:07.550858
2025-07-07 00:09:06.000000000,Anil,586.35,3.1757999999999997,28.25,7.91,867.34,-44.2549,-2.5227,True,2025-07-07 13:36:07.550858
2025-07-07 00:09:19.800000000,Centro,31.89,5.9385,30.2,7.1,965.97,-44.2906,-2.515,True,2025-07-07 13:36:07.550858
2025-07-07 00:09:19.800000000,Anil,565.38,5.1739999999999995,19.59,8.32,953.43,-44.2549,-2.5227,True,2025-07-07 13:36:07.550858
2025-07-07 00:09:28.200000000,Centro,383.99,2.2774,28.49,6.68,511.59,-44.2906,-2.515,True,2025-07-07 13:36:07.550858
2025-07-07 00:09:46.200000000,Centro,30.41,4.2263,30.42,7.86,830.68,-44.2906,-2.515,True,2025-07-07 13:36:07.550858
2025-07-07 00:09:48.000000000,Anil,49.94,3.1224000000000003,28.24,7.73,515.64,-44.2549,-2.5227,True,2025-07-07 13:36:07.550858
2025-07-07 00:11:01.800000000,Anil,532.36,4.0411,26.9,6.86,846.26,-44.2549,-2.5227,True,2025-07-07 13:36:07.550858
2025-07-07 00:11:28.200000000,Centro,334.19,2.8059,23.78,6.92,232.17,-44.2906,-2.515,True,2025-07-07 13:36:07.550858
2025-07-07 00:11:28.200000000,Anil,51.13,4.0657,24.93,7.83,81.32,-44.2549,-2.5227,True,2025-07-07 13:36:07.550858
2025-07-07 00:11:34.199999999,Centro,29.93,2.2206,21.29,6.71,910.84,-44.2906,-2.515,True,2025-07-07 13:36:07.550858
2025-07-07 00:11:55.800000000,Anil,553.55,3.21,28.76,8.43,906.36,-44.2549,-2.5227,True,2025-07-07 13:36:07.550858
2025-07-07 00:12:25.800000000,Centro,378.21,4.5564,25.43,7.44,713.1,-44.2906,-2.515,True,2025-07-07 13:36:07.550858
2025-07-07 00:12:25.800000000,Anil,46.06,4.2518,19.7,8.21,71.07,-44.2549,-2.5227,True,2025-07-07 13:36:07.550858
2025-07-07 00:12:49.800000000,Centro,32.35,5.3814,19.71,7.49,141.89,-44.2906,-2.515,True,2025-07-07 13:36:07.550858
2025-07-07 00:12:54.000000000,Anil,580.28,2.7366,22.38,7.97,140.0,-44.2549,-2.5227,True,2025-07-07 13:36:07.550858
2025-07-07 00:12:55.800000000,Anil,50.64,5.6186,24.56,6.71,267.41,-44.2549,-2.5227,True,2025-07-07 13:36:07.550858
2025-07-07 00:13:00.000000000,Anil,51.06,3.1426999999999996,20.77,7.32,812.29,-44.2549,-2.5227,True,2025-07-07 13:36:07.550858
2025-07-07 00:13:13.800000000,Anil,46.98,5.203099999999999,32.81,8.07,872.15,-44.2549,-2.5227,True,2025-07-07 13:36:07.550858
2025-07-07 00:13:25.800000000,Anil,48.27,5.6622,23.93,6.79,705.56,-44.2549,-2.5227,True,2025-07-07 13:36:07.550858
2025-07-07 00:13:28.200000000,Anil,512.52,5.5543,28.55,6.51,646.88,-44.2549,-2.5227,True,2025-07-07 13:36:07.550858
2025-07-07 00:13:52.200000000,Centro,32.44,2.3398,18.33,7.01,121.01,-44.2906,-2.515,True,2025-07-07 13:36:07.550858
2025-07-07 00:14:12.000000000,Centro,364.75,3.4677,29.37,8.42,103.25,-44.2906,-2.515,True,2025-07-07 13:36:07.550858
2025-07-07 00:14:18.000000000,Anil,50.41,3.5829000000000004,23.9,7.15,394.53,-44.2549,-2.5227,True,2025-07-07 13:36:07.550858
2025-07-07 00:14:19.800000000,Centro,28.56,3.1664,30.36,8.33,620.97,-44.2906,-2.515,True,2025-07-07 13:36:07.550858
2025-07-07 00:14:48.000000000,Centro,364.32,2.0941,28.67,8.28,210.62,-44.2906,-2.515,True,2025-07-07 13:36:07.550858
2025-07-07 00:14:49.800000000,Anil,51.29,3.2166,19.96,8.41,365.03,-44.2549,-2.5227,True,2025-07-07 13:36:07.550858
2025-07-07 00:15:12.000000000,Centro,328.69,2.2135,23.34,7.1,631.46,-44.2906,-2.515,True,2025-07-07 13:36:07.550858
2025-07-07 00:15:13.800000000,Centro,29.21,4.586,21.42,6.84,561.36,-44.2906,-2.515,True,2025-07-07 13:36:07.550858
2025-07-07 00:15:52.200000000,Centro,315.13,2.4844,26.99,7.73,770.56,-44.2906,-2.515,True,2025-07-07 13:36:07.550858
2025-07-07 00:16:18.000000000,Centro,335.94,2.6541,20.95,7.85,811.59,-44.2906,-2.515,True,2025-07-07 13:36:07.550858
2025-07-07 00:16:24.000000000,Centro,313.69,4.8305,26.08,6.99,618.75,-44.2906,-2.515,True,2025-07-07 13:36:07.550858
2025-07-07 00:16:31.800000000,Anil,47.46,2.0534,23.28,6.79,275.8,-44.2549,-2.5227,True,2025-07-07 13:36:07.550858
2025-07-07 00:16:37.800000000,Anil,46.08,2.544,19.46,7.45,632.8,-44.2549,-2.5227,True,2025-07-07 13:36:07.550858
2025-07-07 00:17:22.200000000,Anil,533.91,5.8833,18.09,8.13,459.35,-44.2549,-2.5227,True,2025-07-07 13:36:07.550858
2025-07-07 00:17:36.000000000,Anil,575.8,5.7099,20.86,6.67,987.1,-44.2549,-2.5227,True,2025-07-07 13:36:07.550858
2025-07-07 00:17:55.800000000,Centro,34.23,4.7721,24.11,7.05,599.37,-44.2906,-2.515,True,2025-07-07 13:36:07.550858
2025-07-07 00:18:19.800000000,Centro,356.23,5.9875,29.35,6.59,291.23,-44.2906,-2.515,True,2025-07-07 13:36:07.550858
2025-07-07 00:18:34.199999999,Centro,32.59,2.205,27.39,6.57,987.44,-44.2906,-2.515,True,2025-07-07 13:36:07.550858
2025-07-07 00:18:34.199999999,Anil,515.72,4.3694999999999995,21.67,6.52,94.28,-44.2549,-2.5227,True,2025-07-07 13:36:07.550858
2025-07-07 00:18:37.800000000,Anil,51.54,5.2012,21.01,7.08,244.57,-44.2549,-2.5227,True,2025-07-07 13:36:07.550858
2025-07-07 00:00:07.800000000,Centro,346.34,5.1507000000000005,31.47,8.37,98.49,-44.2906,-2.515,True,2025-07-07 13:36:07.550858
2025-07-07 00:00:18.000000000,Centro,34.05,3.6028,18.08,8.22,892.73,-44.2906,-2.515,True,2025-07-07 13:36:07.550858
2025-07-07 00:00:30.000000000,Centro,34.2,2.4408000000000003,27.36,7.81,904.18,-44.2906,-2.515,True,2025-07-07 13:36:07.550858
2025-07-07 00:00:34.199999999,Anil,51.81,2.1467,29.6,8.47,663.91,-44.2549,-2.5227,True,2025-07-07 13:36:07.550858
2025-07-07 00:00:37.800000000,Anil,46.74,5.8941,23.93,8.42,201.79,-44.2549,-2.5227,True,2025-07-07 13:36:07.550858
2025-07-07 00:01:36.000000000,Centro,27.88,3.7393,18.49,8.24,868.8,-44.2906,-2.515,True,2025-07-07 13:36:07.550858
2025-07-07 00:01:36.000000000,Anil,52.45,2.7464999999999997,28.52,6.7,204.12,-44.2549,-2.5227,True,2025-07-07 13:36:07.550858
2025-07-07 00:01:52.200000000,Anil,48.39,3.4572000000000003,19.64,8.1,851.8,-44.2549,-2.5227,True,2025-07-07 13:36:07.550858
2025-07-07 00:01:55.800000000,Centro,29.55,3.8087999999999997,23.07,7.74,940.25,-44.2906,-2.515,True,2025-07-07 13:36:07.550858
2025-07-07 00:01:55.800000000,Anil,52.73,2.2603999999999997,31.48,8.32,147.03,-44.2549,-2.5227,True,2025-07-07 13:36:07.550858
2025-07-07 00:02:06.000000000,Anil,582.33,3.6223,21.72,8.43,932.75,-44.2549,-2.5227,True,2025-07-07 13:36:07.550858
2025-07-07 00:02:46.200000000,Centro,31.12,4.402200000000001,21.9,7.8,523.48,-44.2906,-2.515,True,2025-07-07 13:36:07.550858
2025-07-07 00:03:18.000000000,Anil,51.03,2.7476,32.43,7.99,285.56,-44.2549,-2.5227,True,2025-07-07 13:36:07.550858
2025-07-07 00:03:30.000000000,Centro,34.78,4.0497000000000005,27.97,6.95,843.03,-44.2906,-2.515,True,2025-07-07 13:36:07.550858
2025-07-07 00:03:55.800000000,Anil,48.27,2.1075999999999997,31.17,7.44,97.58,-44.2549,-2.5227,True,2025-07-07 13:36:07.550858
2025-07-07 00:04:00.000000000,Anil,571.78,2.8719,28.97,7.78,449.91,-44.2549,-2.5227,True,2025-07-07 13:36:07.550858
2025-07-07 00:04:06.000000000,Centro,341.4,4.375299999999999,22.55,7.52,857.73,-44.2906,-2.515,True,2025-07-07 13:36:07.550858
2025-07-07 00:04:19.800000000,Anil,566.29,4.0855,31.73,6.63,362.7,-44.2549,-2.5227,True,2025-07-07 13:36:07.550858
2025-07-07 00:04:36.000000000,Centro,367.83,4.6114,23.22,7.79,984.2,-44.2906,-2.515,True,2025-07-07 13:36:07.550858
2025-07-07 00:05:00.000000000,Centro,330.98,4.7410000000000005,26.05,6.67,643.93,-44.2906,-2.515,True,2025-07-07 13:36:07.550858
2025-07-07 00:05:34.199999999,Centro,372.53,2.3573,20.71,8.12,566.17,-44.2906,-2.515,True,2025-07-07 13:36:07.550858
2025-07-07 00:05:36.000000000,Centro,346.29,4.2982,27.07,7.95,227.77,-44.2906,-2.515,True,2025-07-07 13:36:07.550858
2025-07-07 00:05:46.200000000,Centro,27.87,5.929600000000001,27.03,6.88,845.46,-44.2906,-2.515,True,2025-07-07 13:36:07.550858
2025-07-07 00:05:58.200000000,Anil,49.25,4.1053,28.65,7.05,661.68,-44.2549,-2.5227,True,2025-07-07 13:36:07.550858
2025-07-07 00:06:01.800000000,Centro,29.63,5.4288,30.46,8.38,307.94,-44.2906,-2.515,True,2025-07-07 13:36:07.550858
2025-07-07 00:06:31.800000000,Centro,29.62,3.5088,22.51,6.72,534.6,-44.2906,-2.515,True,2025-07-07 13:36:07.550858
2025-07-07 00:06:55.800000000,Anil,578.4,3.0737,30.83,8.37,324.35,-44.2549,-2.5227,True,2025-07-07 13:36:07.550858
2025-07-07 00:07:00.000000000,Anil,50.44,3.1864999999999997,20.1,8.23,481.15,-44.2549,-2.5227,True,2025-07-07 13:36:07.550858
2025-07-07 00:07:12.000000000,Anil,546.31,2.6474,23.16,7.37,537.41,-44.2549,-2.5227,True,2025-07-07 13:36:07.550858
2025-07-07 00:07:19.800000000,Centro,31.33,4.8709,20.27,7.65,664.84,-44.2906,-2.515,True,2025-07-07 13:36:07.550858
2025-07-07 00:07:28.200000000,Centro,30.56,2.9743,32.89,8.1,493.87,-44.2906,-2.515,True,2025-07-07 13:36:07.550858
2025-07-07 00:07:36.000000000,Anil,47.02,3.4412000000000003,20.73,6.52,850.24,-44.2549,-2.5227,True,2025-07-07 13:36:07.550858
2025-07-07 00:07:37.800000000,Anil,52.69,2.3569999999999998,19.37,6.78,153.0,-44.2549,-2.5227,True,2025-07-07 13:36:07.550858
2025-07-07 00:07:43.800000000,Anil,52.43,4.5053,27.24,7.44,925.9,-44.2549,-2.5227,True,2025-07-07 13:36:07.550858
2025-07-07 00:08:12.000000000,Centro,318.73,3.4619999999999997,32.27,7.37,430.02,-44.2906,-2.515,True,2025-07-07 13:36:07.550858
2025-07-07 00:08:34.199999999,Centro,367.97,4.7443,27.59,7.15,875.46,-44.2906,-2.515,True,2025-07-07 13:36:07.550858
2025-07-07 00:08:43.800000000,Anil,553.64,4.1624,19.67,7.2,730.9,-44.2549,-2.5227,True,2025-07-07 13:36:07.550858
2025-07-07 00:08:46.200000000,Centro,28.0,5.687,28.69,7.49,331.97,-44.2906,-2.515,True,2025-07-07 13:36:07.550858
2025-07-07 00:09:07.800000000,Centro,29.19,4.1962,31.49,8.35,890.52,-44.2906,-2.515,True,2025-07-07 13:36:07.550858
2025-07-07 00:09:10.200000000,Centro,320.87,2.6537,19.56,6.67,721.33,-44.2906,-2.515,True,2025-07-07 13:36:07.550858
2025-07-07 00:09:16.200000000,Anil,537.39,5.578099999999999,26.36,7.2,297.18,-44.2549,-2.5227,True,2025-07-07 13:36:07.550858
2025-07-07 00:09:18.000000000,Centro,354.53,2.5287,23.87,7.0,65.13,-44.2906,-2.515,True,2025-07-07 13:36:07.550858
2025-07-07 00:09:55.800000000,Centro,322.82,2.5081,20.11,6.51,282.22,-44.2906,-2.515,True,2025-07-07 13:36:07.550858
2025-07-07 00:10:07.800000000,Centro,328.35,5.0769,31.63,7.99,84.51,-44.2906,-2.515,True,2025-07-07 13:36:07.550858
2025-07-07 00:10:22.200000000,Anil,48.13,5.5501,27.26,8.38,465.35,-44.2549,-2.5227,True,2025-07-07 13:36:07.550858
2025-07-07 00:10:42.000000000,Centro,34.41,2.1222,19.5,7.78,619.74,-44.2906,-2.515,True,2025-07-07 13:36:07.550858
2025-07-07 00:11:00.000000000,Anil,512.68,3.4181,31.29,6.77,827.24,-44.2549,-2.5227,True,2025-07-07 13:36:07.550858
2025-07-07 00:11:30.000000000,Centro,34.93,3.5573,28.75,7.52,260.27,-44.2906,-2.515,True,2025-07-07 13:36:07.550858
2025-07-07 00:11:40.200000000,Centro,371.55,4.3819,20.91,8.38,895.09,-44.2906,-2.515,True,2025-07-07 13:36:07.550858
2025-07-07 00:11:48.000000000,Centro,370.54,2.4894,30.9,8.15,376.85,-44.2906,-2.515,True,2025-07-07 13:36:07.550858
2025-07-07 00:11:58.200000000,Anil,552.95,4.7353,23.66,7.9,170.06,-44.2549,-2.5227,True,2025-07-07 13:36:07.550858
2025-07-07 00:12:00.000000000,Anil,47.68,5.329400000000001,20.87,8.28,186.57,-44.2549,-2.5227,True,2025-07-07 13:36:07.550858
2025-07-07 00:12:07.800000000,Anil,47.91,4.631,26.82,6.85,438.45,-44.2549,-2.5227,True,2025-07-07 13:36:07.550858
2025-07-07 00:12:16.200000000,Anil,515.68,2.4114,31.44,7.5,969.97,-44.2549,-2.5227,True,2025-07-07 13:36:07.550858
2025-07-07 00:12:19.800000000,Centro,32.62,5.0735,21.68,7.97,162.88,-44.2906,-2.515,True,2025-07-07 13:36:07.550858
2025-07-07 00:12:22.200000000,Anil,555.49,5.1602,27.35,6.5,585.5,-44.2549,-2.5227,True,2025-07-07 13:36:07.550858
2025-07-07 00:12:49.800000000,Anil,562.65,4.8764,30.55,7.69,52.78,-44.2549,-2.5227,True,2025-07-07 13:36:07.550858
2025-07-07 00:12:52.200000000,Centro,27.84,5.806900000000001,24.54,6.98,539.31,-44.2906,-2.515,True,2025-07-07 13:36:07.550858
2025-07-07 00:12:52.200000000,Anil,562.5,5.8036,24.76,8.19,981.44,-44.2549,-2.5227,True,2025-07-07 13:36:07.550858
2025-07-07 00:12:54.000000000,Centro,345.91,3.6052999999999997,24.38,8.07,160.43,-44.2906,-2.515,True,2025-07-07 13:36:07.550858
2025-07-07 00:13:18.000000000,Centro,321.35,4.1761,28.72,6.65,611.03,-44.2906,-2.515,True,2025-07-07 13:36:07.550858
2025-07-07 00:13:34.199999999,Anil,572.68,3.4775,23.43,8.09,187.36,-44.2549,-2.5227,True,2025-07-07 13:36:07.550858
2025-07-07 00:13:46.200000000,Centro,359.09,2.0141,28.09,6.65,695.32,-44.2906,-2.515,True,2025-07-07 13:36:07.550858
2025-07-07 00:14:10.200000000,Anil,511.06,2.6670999999999996,23.6,6.7,460.65,-44.2549,-2.5227,True,2025-07-07 13:36:07.550858
2025-07-07 00:14:13.800000000,Anil,521.53,3.0010000000000003,22.85,8.24,490.99,-44.2549,-2.5227,True,2025-07-07 13:36:07.550858
2025-07-07 00:14:30.000000000,Anil,539.59,4.0979,27.54,6.74,592.76,-44.2549,-2.5227,True,2025-07-07 13:36:07.550858
2025-07-07 00:14:31.800000000,Centro,32.57,3.115,31.19,6.81,506.95,-44.2906,-2.515,True,2025-07-07 13:36:07.550858
2025-07-07 00:14:31.800000000,Anil,47.41,2.5820999999999996,30.94,6.71,461.91,-44.2549,-2.5227,True,2025-07-07 13:36:07.550858
2025-07-07 00:15:12.000000000,Anil,538.39,3.2968,21.28,6.91,126.58,-44.2549,-2.5227,True,2025-07-07 13:36:07.550858
2025-07-07 00:15:22.200000000,Anil,47.52,5.6803,31.61,7.77,857.86,-44.2549,-2.5227,True,2025-07-07 13:36:07.550858
2025-07-07 00:15:30.000000000,Centro,29.78,5.5487,32.4,6.7,575.04,-44.2906,-2.515,True,2025-07-07 13:36:07.550858
2025-07-07 00:15:40.200000000,Centro,31.79,4.7394,28.12,7.69,969.26,-44.2906,-2.515,True,2025-07-07 13:36:07.550858
2025-07-07 00:16:19.800000000,Centro,31.96,2.9592,20.24,7.8,392.83,-44.2906,-2.515,True,2025-07-07 13:36:07.550858
2025-07-07 00:16:54.000000000,Centro,32.96,4.1764,28.44,6.99,257.95,-44.2906,-2.515,True,2025-07-07 13:36:07.550858
2025-07-07 00:17:01.800000000,Anil,52.04,5.5287,23.86,7.54,634.54,-44.2549,-2.5227,True,2025-07-07 13:36:07.550858
2025-07-07 00:17:10.200000000,Anil,49.68,4.4951,26.48,7.81,426.75,-44.2549,-2.5227,True,2025-07-07 13:36:07.550858
2025-07-07 00:18:01.800000000,Anil,46.36,3.5658,26.29,8.38,948.55,-44.2549,-2.5227,True,2025-07-07 13:36:07.550858
2025-07-07 00:00:04.200000000,Vinhais,597.01,5.7682,31.74,7.85,78.36,-44.2966,-2.57,True,2025-07-07 13:36:07.550858
2025-07-07 00:00:12.000000000,Renascenca,34.48,2.6334,32.62,7.69,227.82,-44.2562,-2.5038,True,2025-07-07 13:36:07.550858
2025-07-07 00:00:19.800000000,Renascenca,33.46,3.6305,24.39,8.29,228.86,-44.2562,-2.5038,True,2025-07-07 13:36:07.550858
2025-07-07 00:00:24.000000000,Vinhais,50.62,3.0753,22.35,7.43,339.35,-44.2966,-2.57,True,2025-07-07 13:36:07.550858
2025-07-07 00:00:49.800000000,Renascenca,39.56,5.1065,24.51,6.86,904.34,-44.2562,-2.5038,True,2025-07-07 13:36:07.550858
2025-07-07 00:00:49.800000000,Vinhais,54.2,4.3118,30.65,7.86,315.04,-44.2966,-2.57,True,2025-07-07 13:36:07.550858
2025-07-07 00:00:54.000000000,Vinhais,56.64,2.5831,29.74,7.35,346.26,-44.2966,-2.57,True,2025-07-07 13:36:07.550858
2025-07-07 00:01:06.000000000,Renascenca,37.19,2.9065,28.12,7.6,828.67,-44.2562,-2.5038,True,2025-07-07 13:36:07.550858
2025-07-07 00:01:06.000000000,Vinhais,50.25,3.2641000000000004,30.4,7.86,809.55,-44.2966,-2.57,True,2025-07-07 13:36:07.550858
2025-07-07 00:01:16.200000000,Vinhais,50.82,2.9707999999999997,30.19,7.47,933.49,-44.2966,-2.57,True,2025-07-07 13:36:07.550858
2025-07-07 00:01:18.000000000,Vinhais,562.85,5.1615,32.3,7.83,160.69,-44.2966,-2.57,True,2025-07-07 13:36:07.550858
2025-07-07 00:01:43.800000000,Renascenca,32.64,2.2624,30.16,7.87,772.51,-44.2562,-2.5038,True,2025-07-07 13:36:07.550858
2025-07-07 00:01:49.800000000,Renascenca,34.76,3.6193,28.25,7.52,782.59,-44.2562,-2.5038,True,2025-07-07 13:36:07.550858
2025-07-07 00:01:58.200000000,Renascenca,39.11,2.483,19.45,6.52,854.64,-44.2562,-2.5038,True,2025-07-07 13:36:07.550858
2025-07-07 00:02:12.000000000,Vinhais,55.1,4.552099999999999,19.7,6.97,267.01,-44.2966,-2.57,True,2025-07-07 13:36:07.550858
2025-07-07 00:02:13.800000000,Vinhais,52.11,4.7539,26.94,7.32,498.22,-44.2966,-2.57,True,2025-07-07 13:36:07.550858
2025-07-07 00:02:42.000000000,Renascenca,33.99,4.5453,21.54,8.06,772.84,-44.2562,-2.5038,True,2025-07-07 13:36:07.550858
2025-07-07 00:02:49.800000000,Renascenca,395.38,2.6063,22.58,6.94,586.6,-44.2562,-2.5038,True,2025-07-07 13:36:07.550858
2025-07-07 00:02:58.200000000,Vinhais,51.79,5.9709,23.18,7.87,578.93,-44.2966,-2.57,True,2025-07-07 13:36:07.550858
2025-07-07 00:03:12.000000000,Vinhais,610.01,2.9608,29.71,6.68,777.01,-44.2966,-2.57,True,2025-07-07 13:36:07.550858
2025-07-07 00:03:18.000000000,Vinhais,566.18,3.613,25.31,7.93,248.91,-44.2966,-2.57,True,2025-07-07 13:36:07.550858
2025-07-07 00:03:40.200000000,Vinhais,50.73,2.7247000000000003,31.9,7.74,527.66,-44.2966,-2.57,True,2025-07-07 13:36:07.550858
2025-07-07 00:04:06.000000000,Renascenca,32.39,4.5585,18.08,7.74,986.4,-44.2562,-2.5038,True,2025-07-07 13:36:07.550858
2025-07-07 00:04:18.000000000,Renascenca,34.87,5.0666,21.35,7.89,106.64,-44.2562,-2.5038,True,2025-07-07 13:36:07.550858
2025-07-07 00:04:30.000000000,Vinhais,558.49,2.3958,23.21,7.93,643.12,-44.2966,-2.57,True,2025-07-07 13:36:07.550858
2025-07-07 00:04:40.200000000,Renascenca,32.69,4.1113,25.29,7.12,278.6,-44.2562,-2.5038,True,2025-07-07 13:36:07.550858
2025-07-07 00:04:49.800000000,Renascenca,37.66,5.6425,18.55,7.06,293.48,-44.2562,-2.5038,True,2025-07-07 13:36:07.550858
2025-07-07 00:05:12.000000000,Vinhais,610.09,2.5613,32.6,6.91,325.59,-44.2966,-2.57,True,2025-07-07 13:36:07.550858
2025-07-07 00:05:54.000000000,Renascenca,33.88,3.0399000000000003,30.52,7.28,342.1,-44.2562,-2.5038,True,2025-07-07 13:36:07.550858
2025-07-07 00:06:04.200000000,Vinhais,54.84,2.9044,25.77,8.23,680.29,-44.2966,-2.57,True,2025-07-07 13:36:07.550858
2025-07-07 00:06:06.000000000,Vinhais,625.78,4.0936,19.57,8.1,426.49,-44.2966,-2.57,True,2025-07-07 13:36:07.550858
2025-07-07 00:06:18.000000000,Renascenca,34.13,5.573099999999999,18.48,6.55,979.31,-44.2562,-2.5038,True,2025-07-07 13:36:07.550858
2025-07-07 00:06:28.200000000,Vinhais,55.33,2.9627999999999997,18.18,6.82,234.78,-44.2966,-2.57,True,2025-07-07 13:36:07.550858
2025-07-07 00:06:30.000000000,Renascenca,33.19,5.5638,18.85,7.1,461.36,-44.2562,-2.5038,True,2025-07-07 13:36:07.550858
2025-07-07 00:06:31.800000000,Renascenca,36.91,4.2706,31.53,7.06,70.73,-44.2562,-2.5038,True,2025-07-07 13:36:07.550858
2025-07-07 00:06:48.000000000,Renascenca,37.58,4.2695,18.17,7.43,284.47,-44.2562,-2.5038,True,2025-07-07 13:36:07.550858
2025-07-07 00:07:00.000000000,Vinhais,53.27,3.2848,30.37,8.44,675.01,-44.2966,-2.57,True,2025-07-07 13:36:07.550858
2025-07-07 00:07:04.200000000,Vinhais,52.94,2.0187,29.73,7.63,619.34,-44.2966,-2.57,True,2025-07-07 13:36:07.550858
2025-07-07 00:07:34.199999999,Renascenca,38.6,3.4758,24.87,8.35,87.35,-44.2562,-2.5038,True,2025-07-07 13:36:07.550858
2025-07-07 00:08:01.800000000,Renascenca,379.35,5.9239,31.21,7.34,129.21,-44.2562,-2.5038,True,2025-07-07 13:36:07.550858
2025-07-07 00:08:10.200000000,Renascenca,35.91,4.9638,21.35,7.76,267.64,-44.2562,-2.5038,True,2025-07-07 13:36:07.550858
2025-07-07 00:08:25.800000000,Renascenca,35.54,5.584099999999999,21.95,7.59,883.33,-44.2562,-2.5038,True,2025-07-07 13:36:07.550858
2025-07-07 00:08:25.800000000,Vinhais,54.99,3.3177,20.57,6.54,93.28,-44.2966,-2.57,True,2025-07-07 13:36:07.550858
2025-07-07 00:09:12.000000000,Vinhais,55.18,4.9921,23.69,6.65,56.69,-44.2966,-2.57,True,2025-07-07 13:36:07.550858
2025-07-07 00:09:25.800000000,Vinhais,57.08,3.543,24.26,7.63,863.82,-44.2966,-2.57,True,2025-07-07 13:36:07.550858
2025-07-07 00:09:37.800000000,Vinhais,51.77,3.3724000000000003,23.82,7.62,162.57,-44.2966,-2.57,True,2025-07-07 13:36:07.550858
2025-07-07 00:09:42.000000000,Renascenca,33.85,3.5662000000000003,18.58,6.96,652.25,-44.2562,-2.5038,True,2025-07-07 13:36:07.550858
2025-07-07 00:09:48.000000000,Renascenca,34.85,3.7058999999999997,31.42,7.36,985.73,-44.2562,-2.5038,True,2025-07-07 13:36:07.550858
2025-07-07 00:09:54.000000000,Vinhais,56.85,4.3896,28.76,7.62,654.3,-44.2966,-2.57,True,2025-07-07 13:36:07.550858
2025-07-07 00:10:01.800000000,Vinhais,52.3,5.350700000000001,32.46,7.68,792.02,-44.2966,-2.57,True,2025-07-07 13:36:07.550858
2025-07-07 00:10:10.200000000,Renascenca,419.15,2.9227,25.03,6.8,416.65,-44.2562,-2.5038,True,2025-07-07 13:36:07.550858
2025-07-07 00:10:12.000000000,Vinhais,55.33,2.9989999999999997,19.14,7.67,849.47,-44.2966,-2.57,True,2025-07-07 13:36:07.550858
2025-07-07 00:10:16.200000000,Vinhais,567.52,4.9493,32.69,7.03,213.29,-44.2966,-2.57,True,2025-07-07 13:36:07.550858
2025-07-07 00:10:24.000000000,Renascenca,37.87,5.5327,22.52,7.01,551.39,-44.2562,-2.5038,True,2025-07-07 13:36:07.550858
2025-07-07 00:10:24.000000000,Vinhais,574.56,2.3366,30.33,6.54,511.39,-44.2966,-2.57,True,2025-07-07 13:36:07.550858
2025-07-07 00:10:34.199999999,Renascenca,36.15,2.8549,20.09,7.88,879.76,-44.2562,-2.5038,True,2025-07-07 13:36:07.550858
2025-07-07 00:11:18.000000000,Vinhais,53.68,3.508,23.05,8.38,824.63,-44.2966,-2.57,True,2025-07-07 13:36:07.550858
2025-07-07 00:11:30.000000000,Renascenca,33.59,2.2003,20.85,7.86,800.41,-44.2562,-2.5038,True,2025-07-07 13:36:07.550858
2025-07-07 00:11:36.000000000,Renascenca,376.78,2.6211,27.6,7.07,206.16,-44.2562,-2.5038,True,2025-07-07 13:36:07.550858
2025-07-07 00:11:42.000000000,Vinhais,613.2,4.6536,23.3,6.83,340.73,-44.2966,-2.57,True,2025-07-07 13:36:07.550858
2025-07-07 00:11:43.800000000,Renascenca,37.02,4.0732,24.33,6.89,568.85,-44.2562,-2.5038,True,2025-07-07 13:36:07.550858
2025-07-07 00:11:54.000000000,Renascenca,407.25,3.9131,32.44,7.74,698.82,-44.2562,-2.5038,True,2025-07-07 13:36:07.550858
2025-07-07 00:12:19.800000000,Vinhais,54.59,5.1272,26.01,7.29,650.41,-44.2966,-2.57,True,2025-07-07 13:36:07.550858
2025-07-07 00:12:34.199999999,Renascenca,372.68,2.5291,30.2,7.63,272.21,-44.2562,-2.5038,True,2025-07-07 13:36:07.550858
2025-07-07 00:12:54.000000000,Vinhais,50.01,5.3196,25.9,6.86,895.51,-44.2966,-2.57,True,2025-07-07 13:36:07.550858
2025-07-07 00:13:06.000000000,Renascenca,38.45,4.9315,21.1,6.92,786.64,-44.2562,-2.5038,True,2025-07-07 13:36:07.550858
2025-07-07 00:13:12.000000000,Renascenca,423.87,4.6492,21.32,7.72,814.38,-44.2562,-2.5038,True,2025-07-07 13:36:07.550858
2025-07-07 00:13:13.800000000,Vinhais,590.99,5.6447,32.62,7.5,578.59,-44.2966,-2.57,True,2025-07-07 13:36:07.550858
2025-07-07 00:13:25.800000000,Vinhais,53.95,4.5229,26.8,6.89,665.25,-44.2966,-2.57,True,2025-07-07 13:36:07.550858
2025-07-07 00:13:37.800000000,Renascenca,377.34,5.834,18.99,7.46,827.17,-44.2562,-2.5038,True,2025-07-07 13:36:07.550858
2025-07-07 00:13:42.000000000,Vinhais,55.77,5.2615,29.13,7.97,546.24,-44.2966,-2.57,True,2025-07-07 13:36:07.550858
2025-07-07 00:13:54.000000000,Renascenca,381.53,3.7976,20.5,7.56,904.25,-44.2562,-2.5038,True,2025-07-07 13:36:07.550858
2025-07-07 00:14:04.200000000,Renascenca,437.06,3.0973,18.4,7.93,541.94,-44.2562,-2.5038,True,2025-07-07 13:36:07.550858
2025-07-07 00:14:06.000000000,Renascenca,37.79,4.8611,31.03,6.87,83.88,-44.2562,-2.5038,True,2025-07-07 13:36:07.550858
2025-07-07 00:14:12.000000000,Vinhais,579.14,3.0311000000000003,19.66,7.67,783.02,-44.2966,-2.57,True,2025-07-07 13:36:07.550858
2025-07-07 00:14:19.800000000,Vinhais,613.62,2.4284,24.72,7.08,885.81,-44.2966,-2.57,True,2025-07-07 13:36:07.550858
2025-07-07 00:14:22.200000000,Renascenca,34.16,3.9555000000000002,24.55,8.2,329.61,-44.2562,-2.5038,True,2025-07-07 13:36:07.550858
2025-07-07 00:14:25.800000000,Vinhais,603.37,5.132899999999999,18.96,7.12,470.07,-44.2966,-2.57,True,2025-07-07 13:36:07.550858
2025-07-07 00:14:46.200000000,Vinhais,612.42,4.954,18.32,8.33,776.88,-44.2966,-2.57,True,2025-07-07 13:36:07.550858
2025-07-07 00:14:54.000000000,Renascenca,38.14,5.5474,24.93,8.04,554.93,-44.2562,-2.5038,True,2025-07-07 13:36:07.550858
2025-07-07 00:14:55.800000000,Vinhais,51.77,4.1031,31.99,7.08,399.52,-44.2966,-2.57,True,2025-07-07 13:36:07.550858
2025-07-07 00:15:04.200000000,Vinhais,562.64,5.2461,30.8,8.23,629.2,-44.2966,-2.57,True,2025-07-07 13:36:07.550858
2025-07-07 00:15:10.200000000,Vinhais,633.67,2.6262,31.75,6.61,383.88,-44.2966,-2.57,True,2025-07-07 13:36:07.550858
2025-07-07 00:15:37.800000000,Renascenca,361.8,5.718,20.54,8.36,702.69,-44.2562,-2.5038,True,2025-07-07 13:36:07.550858
2025-07-07 00:16:06.000000000,Vinhais,574.76,4.7763,19.87,7.16,830.26,-44.2966,-2.57,True,2025-07-07 13:36:07.550858
2025-07-07 00:16:07.800000000,Vinhais,54.71,4.6533,28.1,7.64,70.09,-44.2966,-2.57,True,2025-07-07 13:36:07.550858
2025-07-07 00:16:24.000000000,Renascenca,404.75,5.4588,29.52,7.47,534.02,-44.2562,-2.5038,True,2025-07-07 13:36:07.550858
2025-07-07 00:16:36.000000000,Renascenca,34.51,2.3081,18.71,8.22,693.47,-44.2562,-2.5038,True,2025-07-07 13:36:07.550858
2025-07-07 00:16:36.000000000,Vinhais,600.22,4.9797,21.84,8.25,660.85,-44.2966,-2.57,True,2025-07-07 13:36:07.550858
2025-07-07 00:16:46.200000000,Renascenca,366.01,3.9463,28.92,8.24,141.07,-44.2562,-2.5038,True,2025-07-07 13:36:07.550858
2025-07-07 00:17:07.800000000,Renascenca,32.69,4.6327,27.89,6.97,751.8,-44.2562,-2.5038,True,2025-07-07 13:36:07.550858
2025-07-07 00:17:16.200000000,Renascenca,36.13,5.582999999999999,20.4,7.41,637.4,-44.2562,-2.5038,True,2025-07-07 13:36:07.550858
2025-07-07 00:17:31.800000000,Vinhais,619.63,3.1635000000000004,30.71,6.64,348.25,-44.2966,-2.57,True,2025-07-07 13:36:07.550858
2025-07-07 00:17:37.800000000,Vinhais,57.03,4.7717,28.4,8.11,909.03,-44.2966,-2.57,True,2025-07-07 13:36:07.550858
2025-07-07 00:17:46.200000000,Renascenca,388.17,2.907,24.81,6.67,580.96,-44.2562,-2.5038,True,2025-07-07 13:36:07.550858
2025-07-07 00:17:52.200000000,Vinhais,568.76,4.5196,26.29,7.58,594.11,-44.2966,-2.57,True,2025-07-07 13:36:07.550858
2025-07-07 00:17:55.800000000,Renascenca,33.7,5.9152,20.08,7.58,715.66,-44.2562,-2.5038,True,2025-07-07 13:36:07.550858
2025-07-07 00:17:58.200000000,Vinhais,55.29,3.8663,30.11,8.03,116.85,-44.2966,-2.57,True,2025-07-07 13:36:07.550858
2025-07-07 00:18:36.000000000,Vinhais,51.7,3.4916,24.64,6.98,389.98,-44.2966,-2.57,True,2025-07-07 13:36:07.550858
2025-07-07 00:18:43.800000000,Renascenca,39.05,3.5263,26.52,8.3,931.93,-44.2562,-2.5038,True,2025-07-07 13:36:07.550858
2025-07-07 00:00:01.800000000,Renascenca,439.8,4.3795,27.39,7.64,115.4,-44.2562,-2.5038,True,2025-07-07 13:36:07.550858
2025-07-07 00:00:36.000000000,Renascenca,424.63,3.4622,26.12,6.91,97.87,-44.2562,-2.5038,True,2025-07-07 13:36:07.550858
2025-07-07 00:00:55.800000000,Vinhais,53.6,2.2119999999999997,32.64,8.49,912.97,-44.2966,-2.57,True,2025-07-07 13:36:07.550858
2025-07-07 00:01:01.800000000,Vinhais,51.67,2.352,19.65,8.09,607.75,-44.2966,-2.57,True,2025-07-07 13:36:07.550858
2025-07-07 00:01:28.200000000,Renascenca,34.93,3.2172,25.54,7.4,437.44,-44.2562,-2.5038,True,2025-07-07 13:36:07.550858
2025-07-07 00:01:49.800000000,Renascenca,419.92,3.4093,21.0,8.42,791.13,-44.2562,-2.5038,True,2025-07-07 13:36:07.550858
2025-07-07 00:01:55.800000000,Renascenca,411.91,5.7795000000000005,29.26,7.41,114.02,-44.2562,-2.5038,True,2025-07-07 13:36:07.550858
2025-07-07 00:02:06.000000000,Renascenca,442.04,4.8319,24.6,8.27,212.03,-44.2562,-2.5038,True,2025-07-07 13:36:07.550858
2025-07-07 00:02:10.200000000,Vinhais,51.48,4.703,19.39,6.55,724.5,-44.2966,-2.57,True,2025-07-07 13:36:07.550858
2025-07-07 00:02:24.000000000,Renascenca,399.65,5.159800000000001,22.63,7.25,572.61,-44.2562,-2.5038,True,2025-07-07 13:36:07.550858
2025-07-07 00:02:24.000000000,Vinhais,55.62,5.5152,26.56,7.37,560.15,-44.2966,-2.57,True,2025-07-07 13:36:07.550858
2025-07-07 00:03:12.000000000,Renascenca,35.87,3.3360000000000003,27.16,8.33,893.95,-44.2562,-2.5038,True,2025-07-07 13:36:07.550858
2025-07-07 00:03:31.800000000,Renascenca,34.49,2.6210000000000004,18.48,7.11,693.84,-44.2562,-2.5038,True,2025-07-07 13:36:07.550858
2025-07-07 00:03:49.800000000,Renascenca,363.12,3.6281,30.89,7.1,644.96,-44.2562,-2.5038,True,2025-07-07 13:36:07.550858
2025-07-07 00:03:55.800000000,Renascenca,424.77,5.6969,24.61,6.56,695.02,-44.2562,-2.5038,True,2025-07-07 13:36:07.550858
2025-07-07 00:03:58.200000000,Renascenca,34.41,2.0295,20.51,6.78,171.95,-44.2562,-2.5038,True,2025-07-07 13:36:07.550858
2025-07-07 00:04:40.200000000,Renascenca,371.09,3.47,32.52,7.72,557.17,-44.2562,-2.5038,True,2025-07-07 13:36:07.550858
2025-07-07 00:04:43.800000000,Renascenca,37.28,3.6533999999999995,19.36,6.8,475.25,-44.2562,-2.5038,True,2025-07-07 13:36:07.550858
2025-07-07 00:04:54.000000000,Renascenca,392.32,5.4563999999999995,27.22,6.91,367.56,-44.2562,-2.5038,True,2025-07-07 13:36:07.550858
2025-07-07 00:04:58.200000000,Vinhais,55.62,2.6608,27.53,7.45,173.05,-44.2966,-2.57,True,2025-07-07 13:36:07.550858
2025-07-07 00:05:04.200000000,Renascenca,38.65,2.6741,32.3,7.12,303.33,-44.2562,-2.5038,True,2025-07-07 13:36:07.550858
2025-07-07 00:05:19.800000000,Vinhais,558.96,3.3087,20.96,6.97,870.1,-44.2966,-2.57,True,2025-07-07 13:36:07.550858
2025-07-07 00:05:28.200000000,Renascenca,374.12,5.3403,31.68,8.4,986.8,-44.2562,-2.5038,True,2025-07-07 13:36:07.550858
2025-07-07 00:05:31.800000000,Renascenca,38.56,3.9896,29.24,7.8,569.71,-44.2562,-2.5038,True,2025-07-07 13:36:07.550858
2025-07-07 00:05:34.199999999,Renascenca,386.65,2.2359999999999998,29.71,6.96,805.89,-44.2562,-2.5038,True,2025-07-07 13:36:07.550858
2025-07-07 00:05:52.200000000,Renascenca,33.44,3.2714,23.35,7.92,891.17,-44.2562,-2.5038,True,2025-07-07 13:36:07.550858
2025-07-07 00:06:22.200000000,Vinhais,50.02,3.9770999999999996,29.23,7.91,174.85,-44.2966,-2.57,True,2025-07-07 13:36:07.550858
2025-07-07 00:06:40.200000000,Renascenca,33.21,2.0937,30.9,7.67,309.17,-44.2562,-2.5038,True,2025-07-07 13:36:07.550858
2025-07-07 00:06:43.800000000,Renascenca,363.17,5.4551,25.76,6.95,556.25,-44.2562,-2.5038,True,2025-07-07 13:36:07.550858
2025-07-07 00:06:49.800000000,Renascenca,38.17,3.7456,20.37,8.41,440.85,-44.2562,-2.5038,True,2025-07-07 13:36:07.550858
2025-07-07 00:07:12.000000000,Renascenca,420.5,4.0564,31.99,7.63,732.95,-44.2562,-2.5038,True,2025-07-07 13:36:07.550858
2025-07-07 00:07:13.800000000,Vinhais,635.12,4.565,32.21,8.44,949.14,-44.2966,-2.57,True,2025-07-07 13:36:07.550858
2025-07-07 00:07:18.000000000,Vinhais,558.73,2.3726,19.72,7.74,210.66,-44.2966,-2.57,True,2025-07-07 13:36:07.550858
2025-07-07 00:07:34.199999999,Renascenca,435.46,3.0967000000000002,22.72,6.84,549.38,-44.2562,-2.5038,True,2025-07-07 13:36:07.550858
2025-07-07 00:07:55.800000000,Vinhais,53.45,5.9265,29.24,8.32,318.3,-44.2966,-2.57,True,2025-07-07 13:36:07.550858
2025-07-07 00:08:00.000000000,Renascenca,36.63,5.9609000000000005,28.89,7.78,386.78,-44.2562,-2.5038,True,2025-07-07 13:36:07.550858
2025-07-07 00:08:04.200000000,Vinhais,604.78,3.3054,29.89,7.53,574.7,-44.2966,-2.57,True,2025-07-07 13:36:07.550858
2025-07-07 00:08:06.000000000,Renascenca,32.53,2.7319,20.62,7.06,820.05,-44.2562,-2.5038,True,2025-07-07 13:36:07.550858
2025-07-07 00:08:07.800000000,Renascenca,33.22,5.234400000000001,21.23,7.56,287.96,-44.2562,-2.5038,True,2025-07-07 13:36:07.550858
2025-07-07 00:08:07.800000000,Vinhais,610.19,4.5624,24.51,8.19,449.21,-44.2966,-2.57,True,2025-07-07 13:36:07.550858
2025-07-07 00:08:36.000000000,Vinhais,591.51,4.97,27.89,7.17,713.49,-44.2966,-2.57,True,2025-07-07 13:36:07.550858
2025-07-07 00:09:12.000000000,Vinhais,56.78,3.7649,24.15,7.5,130.07,-44.2966,-2.57,True,2025-07-07 13:36:07.550858
2025-07-07 00:09:25.800000000,Renascenca,427.13,3.1081,29.46,7.28,339.9,-44.2562,-2.5038,True,2025-07-07 13:36:07.550858
2025-07-07 00:09:34.199999999,Vinhais,628.44,4.7939,21.71,6.68,605.4,-44.2966,-2.57,True,2025-07-07 13:36:07.550858
2025-07-07 00:09:55.800000000,Vinhais,51.28,4.8724,29.78,8.38,602.55,-44.2966,-2.57,True,2025-07-07 13:36:07.550858
2025-07-07 00:10:24.000000000,Vinhais,51.81,3.8287,25.4,7.09,552.01,-44.2966,-2.57,True,2025-07-07 13:36:07.550858
2025-07-07 00:10:25.800000000,Renascenca,412.32,2.0482,20.35,6.9,323.1,-44.2562,-2.5038,True,2025-07-07 13:36:07.550858
2025-07-07 00:10:30.000000000,Vinhais,636.33,5.3214,21.81,8.15,149.76,-44.2966,-2.57,True,2025-07-07 13:36:07.550858
2025-07-07 00:11:06.000000000,Vinhais,632.68,3.1113999999999997,28.8,7.16,735.92,-44.2966,-2.57,True,2025-07-07 13:36:07.550858
2025-07-07 00:11:07.800000000,Renascenca,426.4,4.2158,21.77,8.26,459.94,-44.2562,-2.5038,True,2025-07-07 13:36:07.550858
2025-07-07 00:11:18.000000000,Vinhais,56.49,4.7461,32.14,7.71,173.03,-44.2966,-2.57,True,2025-07-07 13:36:07.550858
2025-07-07 00:11:25.800000000,Renascenca,38.91,2.1112,20.96,6.95,352.18,-44.2562,-2.5038,True,2025-07-07 13:36:07.550858
2025-07-07 00:11:25.800000000,Vinhais,51.14,4.9475999999999996,23.13,6.52,331.59,-44.2966,-2.57,True,2025-07-07 13:36:07.550858
2025-07-07 00:11:36.000000000,Renascenca,35.72,4.9897,22.46,8.08,51.8,-44.2562,-2.5038,True,2025-07-07 13:36:07.550858
2025-07-07 00:11:36.000000000,Vinhais,53.25,5.1613,25.75,6.65,732.86,-44.2966,-2.57,True,2025-07-07 13:36:07.550858
2025-07-07 00:11:37.800000000,Vinhais,56.19,5.6548,22.5,6.96,920.6,-44.2966,-2.57,True,2025-07-07 13:36:07.550858
2025-07-07 00:12:13.800000000,Renascenca,34.47,5.6332,19.22,6.71,600.29,-44.2562,-2.5038,True,2025-07-07 13:36:07.550858
2025-07-07 00:12:13.800000000,Vinhais,596.61,4.1568000000000005,23.4,7.42,705.64,-44.2966,-2.57,True,2025-07-07 13:36:07.550858
2025-07-07 00:12:48.000000000,Vinhais,52.65,4.738,28.87,8.25,978.02,-44.2966,-2.57,True,2025-07-07 13:36:07.550858
2025-07-07 00:12:52.200000000,Renascenca,33.5,3.8164,25.16,7.41,343.93,-44.2562,-2.5038,True,2025-07-07 13:36:07.550858
2025-07-07 00:13:01.800000000,Renascenca,33.32,5.1876999999999995,29.29,6.81,343.85,-44.2562,-2.5038,True,2025-07-07 13:36:07.550858
2025-07-07 00:13:01.800000000,Vinhais,587.81,3.2598000000000003,22.54,7.34,157.31,-44.2966,-2.57,True,2025-07-07 13:36:07.550858
2025-07-07 00:13:06.000000000,Renascenca,33.21,4.3995999999999995,24.19,7.34,987.98,-44.2562,-2.5038,True,2025-07-07 13:36:07.550858
2025-07-07 00:13:52.200000000,Vinhais,50.29,5.702999999999999,27.52,8.32,763.12,-44.2966,-2.57,True,2025-07-07 13:36:07.550858
2025-07-07 00:13:54.000000000,Renascenca,38.32,3.3831,21.21,8.44,891.51,-44.2562,-2.5038,True,2025-07-07 13:36:07.550858
2025-07-07 00:14:00.000000000,Renascenca,409.92,5.1105,21.29,7.98,992.13,-44.2562,-2.5038,True,2025-07-07 13:36:07.550858
2025-07-07 00:14:24.000000000,Renascenca,37.73,5.9636000000000005,23.91,6.88,352.01,-44.2562,-2.5038,True,2025-07-07 13:36:07.550858
2025-07-07 00:15:10.200000000,Renascenca,359.85,3.9962999999999997,25.02,7.02,913.0,-44.2562,-2.5038,True,2025-07-07 13:36:07.550858
2025-07-07 00:15:12.000000000,Renascenca,387.27,3.0118,24.23,8.02,150.38,-44.2562,-2.5038,True,2025-07-07 13:36:07.550858
2025-07-07 00:15:18.000000000,Renascenca,35.51,3.6426999999999996,21.74,8.48,565.49,-44.2562,-2.5038,True,2025-07-07 13:36:07.550858
2025-07-07 00:16:00.000000000,Renascenca,443.59,4.6444,23.01,7.17,121.23,-44.2562,-2.5038,True,2025-07-07 13:36:07.550858
2025-07-07 00:16:00.000000000,Vinhais,55.33,3.9637000000000002,19.76,7.98,138.95,-44.2966,-2.57,True,2025-07-07 13:36:07.550858
2025-07-07 00:16:04.200000000,Vinhais,53.95,4.3595999999999995,28.39,7.41,90.9,-44.2966,-2.57,True,2025-07-07 13:36:07.550858
2025-07-07 00:16:12.000000000,Renascenca,383.88,4.6185,20.08,6.8,90.29,-44.2562,-2.5038,True,2025-07-07 13:36:07.550858
2025-07-07 00:16:52.200000000,Vinhais,563.67,3.571,23.12,7.68,292.45,-44.2966,-2.57,True,2025-07-07 13:36:07.550858
2025-07-07 00:17:12.000000000,Renascenca,32.88,4.1358999999999995,30.83,7.4,491.54,-44.2562,-2.5038,True,2025-07-07 13:36:07.550858
2025-07-07 00:17:22.200000000,Renascenca,395.38,4.4676,28.21,7.61,643.42,-44.2562,-2.5038,True,2025-07-07 13:36:07.550858
2025-07-07 00:17:30.000000000,Renascenca,418.14,3.3832,25.06,7.96,496.09,-44.2562,-2.5038,True,2025-07-07 13:36:07.550858
2025-07-07 00:17:40.200000000,Renascenca,388.25,2.4038,21.89,7.68,208.05,-44.2562,-2.5038,True,2025-07-07 13:36:07.550858
2025-07-07 00:17:42.000000000,Renascenca,35.02,2.0279,23.61,7.59,542.51,-44.2562,-2.5038,True,2025-07-07 13:36:07.550858
2025-07-07 00:17:43.800000000,Renascenca,365.72,2.4175,31.14,6.77,657.67,-44.2562,-2.5038,True,2025-07-07 13:36:07.550858
2025-07-07 00:17:43.800000000,Vinhais,50.74,2.0235,28.29,7.2,767.91,-44.2966,-2.57,True,2025-07-07 13:36:07.550858
2025-07-07 00:17:49.800000000,Renascenca,33.84,5.577999999999999,29.29,6.85,73.74,-44.2562,-2.5038,True,2025-07-07 13:36:07.550858
2025-07-07 00:00:13.800000000,Bequimao,58.27,2.5073,23.34,7.97,86.75,-44.2484,-2.5589,True,2025-07-07 13:36:07.550858
2025-07-07 00:00:58.200000000,Turu,42.45,2.5317,18.77,8.07,162.68,-44.2474,-2.5379,True,2025-07-07 13:36:07.550858
2025-07-07 00:01:01.800000000,Bequimao,55.32,3.0324,22.63,6.53,731.4,-44.2484,-2.5589,True,2025-07-07 13:36:07.550858
2025-07-07 00:01:16.200000000,Turu,43.5,3.1260000000000003,32.51,7.97,275.33,-44.2474,-2.5379,True,2025-07-07 13:36:07.550858
2025-07-07 00:01:18.000000000,Turu,38.16,2.2628,19.28,7.72,630.41,-44.2474,-2.5379,True,2025-07-07 13:36:07.550858
2025-07-07 00:01:24.000000000,Turu,39.74,2.0225999999999997,18.09,6.56,603.3,-44.2474,-2.5379,True,2025-07-07 13:36:07.550858
2025-07-07 00:01:28.200000000,Turu,36.79,4.8619,30.33,6.59,614.06,-44.2474,-2.5379,True,2025-07-07 13:36:07.550858
2025-07-07 00:01:42.000000000,Bequimao,56.9,4.9618,18.35,7.46,679.08,-44.2484,-2.5589,True,2025-07-07 13:36:07.550858
2025-07-07 00:02:01.800000000,Turu,417.12,4.1847,30.43,6.55,326.06,-44.2474,-2.5379,True,2025-07-07 13:36:07.550858
2025-07-07 00:02:04.200000000,Turu,421.17,5.847799999999999,24.27,7.92,447.56,-44.2474,-2.5379,True,2025-07-07 13:36:07.550858
2025-07-07 00:02:06.000000000,Turu,452.54,3.4182,27.11,8.13,411.35,-44.2474,-2.5379,True,2025-07-07 13:36:07.550858
2025-07-07 00:02:16.200000000,Bequimao,605.69,3.0578,28.9,6.94,270.46,-44.2484,-2.5589,True,2025-07-07 13:36:07.550858
2025-07-07 00:02:28.200000000,Bequimao,55.42,5.824400000000001,19.04,7.69,661.45,-44.2484,-2.5589,True,2025-07-07 13:36:07.550858
2025-07-07 00:02:46.200000000,Turu,432.11,2.8845,25.38,8.11,547.74,-44.2474,-2.5379,True,2025-07-07 13:36:07.550858
2025-07-07 00:02:54.000000000,Bequimao,58.21,3.8829000000000002,18.7,7.25,179.24,-44.2484,-2.5589,True,2025-07-07 13:36:07.550858
2025-07-07 00:03:43.800000000,Bequimao,54.88,2.219,27.95,6.69,657.93,-44.2484,-2.5589,True,2025-07-07 13:36:07.550858
2025-07-07 00:03:52.200000000,Bequimao,54.18,4.0674,23.95,6.57,522.13,-44.2484,-2.5589,True,2025-07-07 13:36:07.550858
2025-07-07 00:03:55.800000000,Bequimao,57.69,5.426799999999999,30.0,7.3,384.31,-44.2484,-2.5589,True,2025-07-07 13:36:07.550858
2025-07-07 00:04:07.800000000,Turu,37.84,2.9317,27.96,7.79,77.25,-44.2474,-2.5379,True,2025-07-07 13:36:07.550858
2025-07-07 00:04:13.800000000,Turu,42.89,5.8311,20.35,7.46,372.74,-44.2474,-2.5379,True,2025-07-07 13:36:07.550858
2025-07-07 00:04:16.200000000,Turu,487.81,3.2291000000000003,29.8,7.15,947.2,-44.2474,-2.5379,True,2025-07-07 13:36:07.550858
2025-07-07 00:04:30.000000000,Bequimao,58.79,3.6250999999999998,18.59,8.05,219.57,-44.2484,-2.5589,True,2025-07-07 13:36:07.550858
2025-07-07 00:04:48.000000000,Bequimao,55.26,3.5869999999999997,20.01,7.39,703.68,-44.2484,-2.5589,True,2025-07-07 13:36:07.550858
2025-07-07 00:05:13.800000000,Turu,475.82,3.4563,26.68,7.88,935.07,-44.2474,-2.5379,True,2025-07-07 13:36:07.550858
2025-07-07 00:05:36.000000000,Turu,38.8,4.0279,26.73,6.94,105.36,-44.2474,-2.5379,True,2025-07-07 13:36:07.550858
2025-07-07 00:05:43.800000000,Turu,418.57,3.2033,27.85,7.64,850.21,-44.2474,-2.5379,True,2025-07-07 13:36:07.550858
2025-07-07 00:06:24.000000000,Bequimao,58.78,5.102799999999999,18.66,8.2,825.26,-44.2484,-2.5589,True,2025-07-07 13:36:07.550858
2025-07-07 00:06:36.000000000,Turu,43.33,5.5357,30.79,8.45,773.76,-44.2474,-2.5379,True,2025-07-07 13:36:07.550858
2025-07-07 00:07:01.800000000,Turu,454.52,4.250299999999999,29.85,6.67,81.71,-44.2474,-2.5379,True,2025-07-07 13:36:07.550858
2025-07-07 00:07:06.000000000,Bequimao,60.65,3.2531,19.64,8.35,997.87,-44.2484,-2.5589,True,2025-07-07 13:36:07.550858
2025-07-07 00:07:12.000000000,Turu,43.22,4.211,32.52,7.7,380.18,-44.2474,-2.5379,True,2025-07-07 13:36:07.550858
2025-07-07 00:07:12.000000000,Bequimao,61.37,4.8595999999999995,28.62,6.89,723.75,-44.2484,-2.5589,True,2025-07-07 13:36:07.550858
2025-07-07 00:07:13.800000000,Bequimao,639.1,5.5756,30.31,7.43,146.44,-44.2484,-2.5589,True,2025-07-07 13:36:07.550858
2025-07-07 00:07:22.200000000,Turu,41.64,5.7662,28.86,6.82,571.17,-44.2474,-2.5379,True,2025-07-07 13:36:07.550858
2025-07-07 00:07:25.800000000,Turu,489.07,3.1387,22.65,6.86,567.17,-44.2474,-2.5379,True,2025-07-07 13:36:07.550858
2025-07-07 00:07:54.000000000,Bequimao,642.12,5.1923,20.06,7.63,353.0,-44.2484,-2.5589,True,2025-07-07 13:36:07.550858
2025-07-07 00:07:58.200000000,Turu,38.45,2.2095,25.25,7.09,433.91,-44.2474,-2.5379,True,2025-07-07 13:36:07.550858
2025-07-07 00:08:28.200000000,Bequimao,55.53,5.6411,18.18,7.11,150.32,-44.2484,-2.5589,True,2025-07-07 13:36:07.550858
2025-07-07 00:08:31.800000000,Turu,40.44,5.687,21.43,7.93,514.72,-44.2474,-2.5379,True,2025-07-07 13:36:07.550858
2025-07-07 00:08:52.200000000,Turu,41.6,3.0,26.69,7.74,50.84,-44.2474,-2.5379,True,2025-07-07 13:36:07.550858
2025-07-07 00:09:00.000000000,Bequimao,59.52,4.8394,26.26,7.71,995.12,-44.2484,-2.5589,True,2025-07-07 13:36:07.550858
2025-07-07 00:09:01.800000000,Turu,439.53,3.7133,18.81,7.13,845.3,-44.2474,-2.5379,True,2025-07-07 13:36:07.550858
2025-07-07 00:09:10.200000000,Bequimao,56.66,4.7579,22.66,8.23,652.64,-44.2484,-2.5589,True,2025-07-07 13:36:07.550858
2025-07-07 00:09:16.200000000,Turu,43.3,4.4009,20.35,6.56,211.8,-44.2474,-2.5379,True,2025-07-07 13:36:07.550858
2025-07-07 00:09:30.000000000,Bequimao,59.44,4.3644,25.34,7.45,525.1,-44.2484,-2.5589,True,2025-07-07 13:36:07.550858
2025-07-07 00:09:48.000000000,Turu,40.76,3.7913,22.45,7.33,725.5,-44.2474,-2.5379,True,2025-07-07 13:36:07.550858
2025-07-07 00:09:58.200000000,Bequimao,55.92,3.7148000000000003,26.87,8.17,649.05,-44.2484,-2.5589,True,2025-07-07 13:36:07.550858
2025-07-07 00:10:01.800000000,Turu,428.83,2.3571,19.64,7.34,776.69,-44.2474,-2.5379,True,2025-07-07 13:36:07.550858
2025-07-07 00:10:24.000000000,Bequimao,58.05,4.6187000000000005,18.45,7.49,871.23,-44.2484,-2.5589,True,2025-07-07 13:36:07.550858
2025-07-07 00:12:10.200000000,Turu,36.68,5.9122,28.7,8.06,569.81,-44.2474,-2.5379,True,2025-07-07 13:36:07.550858
2025-07-07 00:12:10.200000000,Bequimao,54.39,5.8987,22.87,7.2,616.48,-44.2484,-2.5589,True,2025-07-07 13:36:07.550858
2025-07-07 00:12:13.800000000,Bequimao,55.2,4.5905000000000005,32.01,7.62,95.29,-44.2484,-2.5589,True,2025-07-07 13:36:07.550858
2025-07-07 00:12:43.800000000,Bequimao,56.75,3.9947000000000004,30.46,6.94,452.33,-44.2484,-2.5589,True,2025-07-07 13:36:07.550858
2025-07-07 00:13:13.800000000,Bequimao,56.21,4.978,27.49,6.9,326.3,-44.2484,-2.5589,True,2025-07-07 13:36:07.550858
2025-07-07 00:13:36.000000000,Bequimao,60.48,3.1752999999999996,18.37,8.18,96.15,-44.2484,-2.5589,True,2025-07-07 13:36:07.550858
2025-07-07 00:13:40.200000000,Turu,415.18,4.5615,27.05,7.57,693.25,-44.2474,-2.5379,True,2025-07-07 13:36:07.550858
2025-07-07 00:13:58.200000000,Turu,38.85,3.8348,29.11,8.41,643.62,-44.2474,-2.5379,True,2025-07-07 13:36:07.550858
2025-07-07 00:14:06.000000000,Turu,38.39,5.4631,22.89,6.77,844.18,-44.2474,-2.5379,True,2025-07-07 13:36:07.550858
2025-07-07 00:14:13.800000000,Turu,432.63,5.1899,19.0,7.2,495.56,-44.2474,-2.5379,True,2025-07-07 13:36:07.550858
2025-07-07 00:14:19.800000000,Bequimao,606.28,4.0019,23.34,7.45,841.09,-44.2484,-2.5589,True,2025-07-07 13:36:07.550858
2025-07-07 00:14:22.200000000,Bequimao,55.94,4.5727,22.32,8.0,949.95,-44.2484,-2.5589,True,2025-07-07 13:36:07.550858
2025-07-07 00:14:25.800000000,Turu,43.77,5.0117,27.35,8.11,286.11,-44.2474,-2.5379,True,2025-07-07 13:36:07.550858
2025-07-07 00:14:43.800000000,Turu,42.9,5.727,25.61,6.5,433.84,-44.2474,-2.5379,True,2025-07-07 13:36:07.550858
2025-07-07 00:14:58.200000000,Turu,43.55,5.7595,21.88,7.39,499.6,-44.2474,-2.5379,True,2025-07-07 13:36:07.550858
2025-07-07 00:15:13.800000000,Turu,37.28,3.3817000000000004,19.51,8.46,335.5,-44.2474,-2.5379,True,2025-07-07 13:36:07.550858
2025-07-07 00:15:16.200000000,Bequimao,684.91,5.17,21.45,6.63,817.55,-44.2484,-2.5589,True,2025-07-07 13:36:07.550858
2025-07-07 00:15:22.200000000,Turu,39.65,5.1432,28.36,8.49,86.49,-44.2474,-2.5379,True,2025-07-07 13:36:07.550858
2025-07-07 00:15:34.199999999,Bequimao,56.37,2.0574,29.62,7.13,147.49,-44.2484,-2.5589,True,2025-07-07 13:36:07.550858
2025-07-07 00:15:36.000000000,Bequimao,648.24,2.3397,23.35,7.62,896.25,-44.2484,-2.5589,True,2025-07-07 13:36:07.550858
2025-07-07 00:15:43.800000000,Turu,42.09,3.0516,23.67,8.44,465.01,-44.2474,-2.5379,True,2025-07-07 13:36:07.550858
2025-07-07 00:15:46.200000000,Bequimao,56.62,3.5931,21.58,8.23,166.25,-44.2484,-2.5589,True,2025-07-07 13:36:07.550858
2025-07-07 00:15:49.800000000,Bequimao,643.15,2.8399,18.63,8.15,568.98,-44.2484,-2.5589,True,2025-07-07 13:36:07.550858
2025-07-07 00:15:58.200000000,Turu,39.98,5.2216,31.56,6.62,981.01,-44.2474,-2.5379,True,2025-07-07 13:36:07.550858
2025-07-07 00:16:07.800000000,Turu,408.93,5.9973,24.75,8.37,510.67,-44.2474,-2.5379,True,2025-07-07 13:36:07.550858
2025-07-07 00:16:10.200000000,Turu,40.57,2.4452000000000003,22.41,7.56,740.64,-44.2474,-2.5379,True,2025-07-07 13:36:07.550858
2025-07-07 00:16:12.000000000,Turu,479.58,2.1409000000000002,18.9,7.34,88.88,-44.2474,-2.5379,True,2025-07-07 13:36:07.550858
2025-07-07 00:16:16.200000000,Turu,38.38,4.8112,25.03,6.86,961.85,-44.2474,-2.5379,True,2025-07-07 13:36:07.550858
2025-07-07 00:16:18.000000000,Turu,38.01,5.7565,23.97,6.95,304.05,-44.2474,-2.5379,True,2025-07-07 13:36:07.550858
2025-07-07 00:16:25.800000000,Bequimao,60.03,2.5112,21.7,7.17,358.62,-44.2484,-2.5589,True,2025-07-07 13:36:07.550858
2025-07-07 00:16:34.199999999,Bequimao,638.12,5.5121,22.01,8.33,80.37,-44.2484,-2.5589,True,2025-07-07 13:36:07.550858
2025-07-07 00:17:04.200000000,Turu,40.56,3.8306,28.91,8.38,736.22,-44.2474,-2.5379,True,2025-07-07 13:36:07.550858
2025-07-07 00:17:18.000000000,Turu,37.47,4.9858,29.16,6.88,140.14,-44.2474,-2.5379,True,2025-07-07 13:36:07.550858
2025-07-07 00:17:24.000000000,Turu,38.35,5.5827,22.13,8.11,51.02,-44.2474,-2.5379,True,2025-07-07 13:36:07.550858
2025-07-07 00:17:28.200000000,Bequimao,56.99,2.7072000000000003,27.0,7.95,170.01,-44.2484,-2.5589,True,2025-07-07 13:36:07.550858
2025-07-07 00:17:43.800000000,Turu,40.09,4.5972,31.86,7.02,87.41,-44.2474,-2.5379,True,2025-07-07 13:36:07.550858
2025-07-07 00:17:54.000000000,Bequimao,58.1,3.1515,18.55,8.31,320.12,-44.2484,-2.5589,True,2025-07-07 13:36:07.550858
2025-07-07 00:18:00.000000000,Turu,491.21,5.8339,23.53,6.79,636.17,-44.2474,-2.5379,True,2025-07-07 13:36:07.550858
2025-07-07 00:18:01.800000000,Bequimao,61.22,3.2277,28.89,6.97,997.39,-44.2484,-2.5589,True,2025-07-07 13:36:07.550858
2025-07-07 00:18:18.000000000,Turu,38.82,2.3641,18.1,7.67,440.57,-44.2474,-2.5379,True,2025-07-07 13:36:07.550858
2025-07-07 00:18:28.200000000,Bequimao,56.71,4.4292,25.48,6.52,290.18,-44.2484,-2.5589,True,2025-07-07 13:36:07.550858
2025-07-07 00:00:12.000000000,Turu,423.56,4.1517,30.26,7.89,596.95,-44.2474,-2.5379,True,2025-07-07 13:36:07.550858
2025-07-07 00:00:24.000000000,Bequimao,618.75,3.2269,29.43,8.39,359.72,-44.2484,-2.5589,True,2025-07-07 13:36:07.550858
2025-07-07 00:00:49.800000000,Bequimao,58.75,5.2476,20.34,6.86,166.19,-44.2484,-2.5589,True,2025-07-07 13:36:07.550858
2025-07-07 00:01:01.800000000,Turu,474.78,4.0501,32.73,6.78,515.96,-44.2474,-2.5379,True,2025-07-07 13:36:07.550858
2025-07-07 00:01:10.200000000,Turu,41.99,5.6525,27.48,6.75,222.63,-44.2474,-2.5379,True,2025-07-07 13:36:07.550858
2025-07-07 00:01:30.000000000,Bequimao,59.65,5.8660000000000005,27.69,7.04,779.64,-44.2484,-2.5589,True,2025-07-07 13:36:07.550858
2025-07-07 00:01:37.800000000,Turu,37.4,3.2569,30.07,6.85,200.33,-44.2474,-2.5379,True,2025-07-07 13:36:07.550858
2025-07-07 00:01:40.200000000,Turu,454.93,3.3042000000000002,27.82,8.01,932.05,-44.2474,-2.5379,True,2025-07-07 13:36:07.550858
2025-07-07 00:01:48.000000000,Bequimao,60.91,3.3222000000000005,27.23,7.03,854.03,-44.2484,-2.5589,True,2025-07-07 13:36:07.550858
2025-07-07 00:02:06.000000000,Bequimao,684.94,2.5058000000000002,29.41,7.01,641.04,-44.2484,-2.5589,True,2025-07-07 13:36:07.550858
2025-07-07 00:03:07.800000000,Bequimao,59.56,3.478,23.48,7.81,611.36,-44.2484,-2.5589,True,2025-07-07 13:36:07.550858
2025-07-07 00:03:12.000000000,Turu,39.64,4.1857,23.3,6.68,420.77,-44.2474,-2.5379,True,2025-07-07 13:36:07.550858
2025-07-07 00:03:13.800000000,Turu,419.59,4.1758999999999995,27.41,6.63,240.48,-44.2474,-2.5379,True,2025-07-07 13:36:07.550858
2025-07-07 00:03:25.800000000,Turu,481.26,5.1243,26.43,8.35,233.07,-44.2474,-2.5379,True,2025-07-07 13:36:07.550858
2025-07-07 00:03:28.200000000,Turu,36.85,5.681699999999999,21.39,6.92,193.38,-44.2474,-2.5379,True,2025-07-07 13:36:07.550858
2025-07-07 00:04:18.000000000,Bequimao,60.95,5.8713999999999995,20.2,8.46,705.69,-44.2484,-2.5589,True,2025-07-07 13:36:07.550858
2025-07-07 00:04:19.800000000,Bequimao,684.85,4.0225,25.58,6.88,432.7,-44.2484,-2.5589,True,2025-07-07 13:36:07.550858
2025-07-07 00:04:34.199999999,Turu,42.1,5.7083,26.58,8.28,757.81,-44.2474,-2.5379,True,2025-07-07 13:36:07.550858
2025-07-07 00:04:40.200000000,Turu,43.72,3.0956,29.98,7.82,126.58,-44.2474,-2.5379,True,2025-07-07 13:36:07.550858
2025-07-07 00:04:54.000000000,Bequimao,57.9,2.033,18.64,6.53,82.7,-44.2484,-2.5589,True,2025-07-07 13:36:07.550858
2025-07-07 00:05:01.800000000,Turu,36.98,4.7856,27.65,8.49,131.7,-44.2474,-2.5379,True,2025-07-07 13:36:07.550858
2025-07-07 00:05:12.000000000,Turu,37.41,4.8143,33.0,7.37,158.06,-44.2474,-2.5379,True,2025-07-07 13:36:07.550858
2025-07-07 00:05:16.200000000,Turu,39.18,3.6472,26.02,7.86,529.5,-44.2474,-2.5379,True,2025-07-07 13:36:07.550858
2025-07-07 00:05:30.000000000,Bequimao,60.78,5.660900000000001,25.08,6.96,146.93,-44.2484,-2.5589,True,2025-07-07 13:36:07.550858
2025-07-07 00:05:43.800000000,Turu,43.85,4.0878,31.0,6.56,252.59,-44.2474,-2.5379,True,2025-07-07 13:36:07.550858
2025-07-07 00:05:46.200000000,Bequimao,58.89,5.787999999999999,28.72,8.48,143.33,-44.2484,-2.5589,True,2025-07-07 13:36:07.550858
2025-07-07 00:05:55.800000000,Turu,416.47,5.435700000000001,30.3,7.89,69.67,-44.2474,-2.5379,True,2025-07-07 13:36:07.550858
2025-07-07 00:05:58.200000000,Turu,40.47,5.6222,21.83,8.12,394.04,-44.2474,-2.5379,True,2025-07-07 13:36:07.550858
2025-07-07 00:05:58.200000000,Bequimao,637.84,3.2447000000000004,22.93,8.3,624.99,-44.2484,-2.5589,True,2025-07-07 13:36:07.550858
2025-07-07 00:06:24.000000000,Bequimao,607.35,4.3627,29.65,8.24,979.36,-44.2484,-2.5589,True,2025-07-07 13:36:07.550858
2025-07-07 00:06:30.000000000,Bequimao,55.01,2.0886,29.25,6.92,619.85,-44.2484,-2.5589,True,2025-07-07 13:36:07.550858
2025-07-07 00:06:40.200000000,Turu,40.98,3.8848000000000003,24.69,8.33,236.57,-44.2474,-2.5379,True,2025-07-07 13:36:07.550858
2025-07-07 00:07:01.800000000,Turu,38.55,5.597899999999999,27.1,7.03,646.97,-44.2474,-2.5379,True,2025-07-07 13:36:07.550858
2025-07-07 00:07:22.200000000,Bequimao,54.25,4.5838,32.46,7.21,371.63,-44.2484,-2.5589,True,2025-07-07 13:36:07.550858
2025-07-07 00:07:55.800000000,Bequimao,61.06,3.207,32.44,8.18,875.54,-44.2484,-2.5589,True,2025-07-07 13:36:07.550858
2025-07-07 00:08:16.200000000,Turu,467.57,3.5761000000000003,27.83,6.97,332.75,-44.2474,-2.5379,True,2025-07-07 13:36:07.550858
2025-07-07 00:08:28.200000000,Bequimao,59.39,4.5587,19.36,7.01,272.02,-44.2484,-2.5589,True,2025-07-07 13:36:07.550858
2025-07-07 00:08:48.000000000,Turu,463.04,2.4556999999999998,26.25,7.24,481.92,-44.2474,-2.5379,True,2025-07-07 13:36:07.550858
2025-07-07 00:09:07.800000000,Bequimao,653.47,4.5952,22.01,7.57,246.07,-44.2484,-2.5589,True,2025-07-07 13:36:07.550858
2025-07-07 00:09:40.200000000,Bequimao,653.81,4.5237,20.02,8.22,882.76,-44.2484,-2.5589,True,2025-07-07 13:36:07.550858
2025-07-07 00:09:42.000000000,Bequimao,669.21,4.437799999999999,23.47,7.15,276.62,-44.2484,-2.5589,True,2025-07-07 13:36:07.550858
2025-07-07 00:09:58.200000000,Turu,42.8,3.0418000000000003,28.38,7.16,710.82,-44.2474,-2.5379,True,2025-07-07 13:36:07.550858
2025-07-07 00:10:04.200000000,Turu,37.33,5.1014,32.19,7.98,973.9,-44.2474,-2.5379,True,2025-07-07 13:36:07.550858
2025-07-07 00:10:10.200000000,Turu,41.94,4.2219999999999995,29.44,7.6,698.39,-44.2474,-2.5379,True,2025-07-07 13:36:07.550858
2025-07-07 00:10:40.200000000,Turu,36.91,5.8211,29.55,7.86,568.75,-44.2474,-2.5379,True,2025-07-07 13:36:07.550858
2025-07-07 00:11:01.800000000,Bequimao,58.76,2.9948,24.02,8.3,360.99,-44.2484,-2.5589,True,2025-07-07 13:36:07.550858
2025-07-07 00:11:16.200000000,Turu,42.57,4.9381,19.87,6.96,237.54,-44.2474,-2.5379,True,2025-07-07 13:36:07.550858
2025-07-07 00:11:19.800000000,Bequimao,633.36,3.168,26.06,7.09,483.75,-44.2484,-2.5589,True,2025-07-07 13:36:07.550858
2025-07-07 00:11:25.800000000,Turu,39.34,3.4872,30.98,7.17,113.5,-44.2474,-2.5379,True,2025-07-07 13:36:07.550858
2025-07-07 00:11:43.800000000,Bequimao,59.79,2.0121,21.55,6.56,336.03,-44.2484,-2.5589,True,2025-07-07 13:36:07.550858
2025-07-07 00:11:52.200000000,Bequimao,669.65,5.2536000000000005,31.67,8.17,452.94,-44.2484,-2.5589,True,2025-07-07 13:36:07.550858
2025-07-07 00:12:00.000000000,Bequimao,61.33,2.9313,26.38,7.74,473.16,-44.2484,-2.5589,True,2025-07-07 13:36:07.550858
2025-07-07 00:12:06.000000000,Turu,39.31,3.4282,28.94,7.28,119.39,-44.2474,-2.5379,True,2025-07-07 13:36:07.550858
2025-07-07 00:12:12.000000000,Bequimao,653.85,4.2692000000000005,26.89,7.52,71.8,-44.2484,-2.5589,True,2025-07-07 13:36:07.550858
2025-07-07 00:12:37.800000000,Turu,418.41,2.347,23.14,7.48,487.02,-44.2474,-2.5379,True,2025-07-07 13:36:07.550858
2025-07-07 00:13:16.200000000,Bequimao,55.67,5.5474,20.57,8.1,461.78,-44.2484,-2.5589,True,2025-07-07 13:36:07.550858
2025-07-07 00:13:37.800000000,Turu,436.88,2.5927999999999995,22.43,7.42,675.29,-44.2474,-2.5379,True,2025-07-07 13:36:07.550858
2025-07-07 00:14:19.800000000,Turu,40.63,5.8509,31.13,7.99,741.15,-44.2474,-2.5379,True,2025-07-07 13:36:07.550858
2025-07-07 00:14:19.800000000,Bequimao,638.68,3.1774,31.56,7.62,878.88,-44.2484,-2.5589,True,2025-07-07 13:36:07.550858
2025-07-07 00:14:28.200000000,Bequimao,638.03,5.900399999999999,28.37,8.17,513.41,-44.2484,-2.5589,True,2025-07-07 13:36:07.550858
2025-07-07 00:14:37.800000000,Turu,485.75,3.6226,18.27,6.75,912.71,-44.2474,-2.5379,True,2025-07-07 13:36:07.550858
2025-07-07 00:15:10.200000000,Turu,43.82,5.5329999999999995,24.08,7.85,510.91,-44.2474,-2.5379,True,2025-07-07 13:36:07.550858
2025-07-07 00:15:18.000000000,Turu,417.05,5.0913,28.49,6.76,393.36,-44.2474,-2.5379,True,2025-07-07 13:36:07.550858
2025-07-07 00:15:30.000000000,Bequimao,59.28,4.2022,27.2,7.45,559.71,-44.2484,-2.5589,True,2025-07-07 13:36:07.550858
2025-07-07 00:15:31.800000000,Turu,43.62,2.8588,30.04,7.29,52.58,-44.2474,-2.5379,True,2025-07-07 13:36:07.550858
2025-07-07 00:15:49.800000000,Turu,42.71,4.2410000000000005,26.69,7.23,306.59,-44.2474,-2.5379,True,2025-07-07 13:36:07.550858
2025-07-07 00:15:55.800000000,Bequimao,58.89,3.0876,20.79,6.97,211.88,-44.2484,-2.5589,True,2025-07-07 13:36:07.550858
2025-07-07 00:16:01.800000000,Turu,43.13,5.0125,18.95,7.18,988.5,-44.2474,-2.5379,True,2025-07-07 13:36:07.550858
2025-07-07 00:16:12.000000000,Bequimao,660.76,2.8855,19.09,7.44,792.51,-44.2484,-2.5589,True,2025-07-07 13:36:07.550858
2025-07-07 00:16:13.800000000,Bequimao,646.7,3.7875,25.31,7.8,137.67,-44.2484,-2.5589,True,2025-07-07 13:36:07.550858
2025-07-07 00:16:31.800000000,Bequimao,56.44,2.7156000000000002,32.03,7.08,705.97,-44.2484,-2.5589,True,2025-07-07 13:36:07.550858
2025-07-07 00:16:43.800000000,Bequimao,61.36,4.8894,25.58,7.6,507.88,-44.2484,-2.5589,True,2025-07-07 13:36:07.550858
2025-07-07 00:17:07.800000000,Turu,476.35,3.8694,26.18,8.06,162.48,-44.2474,-2.5379,True,2025-07-07 13:36:07.550858
2025-07-07 00:17:18.000000000,Bequimao,622.57,2.5205,22.52,7.75,527.11,-44.2484,-2.5589,True,2025-07-07 13:36:07.550858
2025-07-07 00:17:22.200000000,Turu,476.43,5.7839,24.82,6.89,538.33,-44.2474,-2.5379,True,2025-07-07 13:36:07.550858
2025-07-07 00:17:28.200000000,Turu,38.21,2.6872000000000003,23.42,6.54,187.14,-44.2474,-2.5379,True,2025-07-07 13:36:07.550858
2025-07-07 00:17:40.200000000,Turu,40.47,2.3016,20.0,8.02,480.88,-44.2474,-2.5379,True,2025-07-07 13:36:07.550858
2025-07-07 00:18:04.200000000,Turu,424.02,3.6648,28.92,7.55,116.65,-44.2474,-2.5379,True,2025-07-07 13:36:07.550858
2025-07-07 00:00:04.200000000,Cohama,60.54,4.5084,24.59,8.12,591.25,-44.2287,-2.4877,True,2025-07-07 13:36:07.550858
2025-07-07 00:00:30.000000000,Cohama,676.34,2.5992,23.41,7.61,365.08,-44.2287,-2.4877,True,2025-07-07 13:36:07.550858
2025-07-07 00:01:36.000000000,Cohama,60.79,3.5033999999999996,23.8,6.75,822.9,-44.2287,-2.4877,True,2025-07-07 13:36:07.550858
2025-07-07 00:01:48.000000000,Cohama,682.65,2.3001,29.99,6.6,608.85,-44.2287,-2.4877,True,2025-07-07 13:36:07.550858
2025-07-07 00:02:01.800000000,Cohama,733.58,2.0932,30.46,7.56,664.92,-44.2287,-2.4877,True,2025-07-07 13:36:07.550858
2025-07-07 00:02:06.000000000,Sao_Cristovao,534.84,5.1383,30.99,7.48,345.68,-44.2652,-2.4954,True,2025-07-07 13:36:07.550858
2025-07-07 00:02:06.000000000,Cohama,661.96,5.4270000000000005,19.95,7.2,635.04,-44.2287,-2.4877,True,2025-07-07 13:36:07.550858
2025-07-07 00:02:13.800000000,Cohama,59.32,4.9642,28.3,8.01,373.32,-44.2287,-2.4877,True,2025-07-07 13:36:07.550858
2025-07-07 00:02:22.200000000,Sao_Cristovao,42.96,4.4078,23.5,7.72,247.61,-44.2652,-2.4954,True,2025-07-07 13:36:07.550858
2025-07-07 00:02:31.800000000,Sao_Cristovao,487.41,2.7956,27.82,6.61,725.76,-44.2652,-2.4954,True,2025-07-07 13:36:07.550858
2025-07-07 00:02:37.800000000,Sao_Cristovao,47.05,4.4175,32.66,7.26,927.05,-44.2652,-2.4954,True,2025-07-07 13:36:07.550858
2025-07-07 00:02:40.200000000,Cohama,663.75,3.5227999999999997,23.87,7.72,620.87,-44.2287,-2.4877,True,2025-07-07 13:36:07.550858
2025-07-07 00:03:18.000000000,Sao_Cristovao,493.07,3.3139,22.81,6.88,250.86,-44.2652,-2.4954,True,2025-07-07 13:36:07.550858
2025-07-07 00:03:37.800000000,Sao_Cristovao,45.26,2.7077999999999998,18.3,6.92,191.9,-44.2652,-2.4954,True,2025-07-07 13:36:07.550858
2025-07-07 00:04:19.800000000,Cohama,710.84,4.3548,20.67,7.36,756.22,-44.2287,-2.4877,True,2025-07-07 13:36:07.550858
2025-07-07 00:04:40.200000000,Cohama,62.56,5.526,22.64,6.53,930.3,-44.2287,-2.4877,True,2025-07-07 13:36:07.550858
2025-07-07 00:04:43.800000000,Cohama,62.01,5.754099999999999,19.47,6.5,751.82,-44.2287,-2.4877,True,2025-07-07 13:36:07.550858
2025-07-07 00:04:55.800000000,Sao_Cristovao,465.55,5.1733,18.17,6.88,614.46,-44.2652,-2.4954,True,2025-07-07 13:36:07.550858
2025-07-07 00:04:55.800000000,Cohama,65.24,2.1654,21.57,6.68,391.53,-44.2287,-2.4877,True,2025-07-07 13:36:07.550858
2025-07-07 00:05:07.800000000,Sao_Cristovao,483.68,3.1512000000000002,24.56,6.66,509.79,-44.2652,-2.4954,True,2025-07-07 13:36:07.550858
2025-07-07 00:05:36.000000000,Sao_Cristovao,483.18,2.823,27.28,7.9,804.62,-44.2652,-2.4954,True,2025-07-07 13:36:07.550858
2025-07-07 00:05:42.000000000,Cohama,657.39,4.5226,26.87,8.16,891.74,-44.2287,-2.4877,True,2025-07-07 13:36:07.550858
2025-07-07 00:05:46.200000000,Cohama,64.17,3.2462,21.09,6.81,196.65,-44.2287,-2.4877,True,2025-07-07 13:36:07.550858
2025-07-07 00:05:49.800000000,Cohama,685.87,5.6772,20.18,6.53,957.85,-44.2287,-2.4877,True,2025-07-07 13:36:07.550858
2025-07-07 00:06:04.200000000,Sao_Cristovao,519.4,5.2187,25.42,7.19,719.55,-44.2652,-2.4954,True,2025-07-07 13:36:07.550858
2025-07-07 00:06:07.800000000,Cohama,655.42,4.9965,32.49,7.28,384.3,-44.2287,-2.4877,True,2025-07-07 13:36:07.550858
2025-07-07 00:06:43.800000000,Sao_Cristovao,481.01,3.9473000000000003,24.2,8.39,60.5,-44.2652,-2.4954,True,2025-07-07 13:36:07.550858
2025-07-07 00:06:46.200000000,Cohama,60.05,3.9761,24.95,8.26,803.19,-44.2287,-2.4877,True,2025-07-07 13:36:07.550858
2025-07-07 00:07:18.000000000,Sao_Cristovao,45.87,2.2451,28.68,7.89,584.26,-44.2652,-2.4954,True,2025-07-07 13:36:07.550858
2025-07-07 00:07:28.200000000,Cohama,65.61,4.7154,31.73,6.7,336.94,-44.2287,-2.4877,True,2025-07-07 13:36:07.550858
2025-07-07 00:07:37.800000000,Sao_Cristovao,42.44,2.4725,32.61,7.62,561.95,-44.2652,-2.4954,True,2025-07-07 13:36:07.550858
2025-07-07 00:07:48.000000000,Sao_Cristovao,480.96,5.612,27.38,7.45,77.19,-44.2652,-2.4954,True,2025-07-07 13:36:07.550858
2025-07-07 00:07:52.200000000,Cohama,64.82,4.5376,18.49,8.11,965.36,-44.2287,-2.4877,True,2025-07-07 13:36:07.550858
2025-07-07 00:07:54.000000000,Cohama,65.05,4.9645,32.1,8.19,839.41,-44.2287,-2.4877,True,2025-07-07 13:36:07.550858
2025-07-07 00:08:28.200000000,Cohama,65.29,3.6027,19.63,7.21,389.49,-44.2287,-2.4877,True,2025-07-07 13:36:07.550858
2025-07-07 00:08:40.200000000,Sao_Cristovao,45.73,3.2417000000000002,27.98,7.96,811.73,-44.2652,-2.4954,True,2025-07-07 13:36:07.550858
2025-07-07 00:08:42.000000000,Cohama,63.16,3.6843,22.04,7.12,373.07,-44.2287,-2.4877,True,2025-07-07 13:36:07.550858
2025-07-07 00:08:49.800000000,Sao_Cristovao,41.16,5.655,29.83,7.69,745.04,-44.2652,-2.4954,True,2025-07-07 13:36:07.550858
2025-07-07 00:09:19.800000000,Sao_Cristovao,531.27,5.3189,32.81,6.65,456.22,-44.2652,-2.4954,True,2025-07-07 13:36:07.550858
2025-07-07 00:09:22.200000000,Cohama,64.98,3.0893,31.98,6.96,524.04,-44.2287,-2.4877,True,2025-07-07 13:36:07.550858
2025-07-07 00:09:25.800000000,Sao_Cristovao,538.37,4.1298,22.96,7.77,178.96,-44.2652,-2.4954,True,2025-07-07 13:36:07.550858
2025-07-07 00:09:43.800000000,Cohama,63.38,2.3284000000000002,20.84,7.98,329.41,-44.2287,-2.4877,True,2025-07-07 13:36:07.550858
2025-07-07 00:10:12.000000000,Cohama,65.77,3.8513,24.29,8.18,209.92,-44.2287,-2.4877,True,2025-07-07 13:36:07.550858
2025-07-07 00:10:58.200000000,Sao_Cristovao,41.45,5.8751,23.43,8.38,798.92,-44.2652,-2.4954,True,2025-07-07 13:36:07.550858
2025-07-07 00:11:16.200000000,Sao_Cristovao,501.55,3.0199000000000003,30.72,6.7,281.74,-44.2652,-2.4954,True,2025-07-07 13:36:07.550858
2025-07-07 00:11:24.000000000,Sao_Cristovao,41.15,5.685599999999999,18.5,6.7,819.73,-44.2652,-2.4954,True,2025-07-07 13:36:07.550858
2025-07-07 00:11:28.200000000,Cohama,61.66,4.7935,22.74,6.75,452.32,-44.2287,-2.4877,True,2025-07-07 13:36:07.550858
2025-07-07 00:11:30.000000000,Sao_Cristovao,44.21,3.6020999999999996,19.97,8.33,739.95,-44.2652,-2.4954,True,2025-07-07 13:36:07.550858
2025-07-07 00:11:43.800000000,Sao_Cristovao,45.46,3.2063,25.9,7.93,776.0,-44.2652,-2.4954,True,2025-07-07 13:36:07.550858
2025-07-07 00:11:54.000000000,Sao_Cristovao,526.73,2.311,18.15,7.57,162.11,-44.2652,-2.4954,True,2025-07-07 13:36:07.550858
2025-07-07 00:11:58.200000000,Cohama,671.84,2.4454,23.07,8.2,981.69,-44.2287,-2.4877,True,2025-07-07 13:36:07.550858
2025-07-07 00:12:24.000000000,Sao_Cristovao,468.84,2.5428,31.68,7.16,347.43,-44.2652,-2.4954,True,2025-07-07 13:36:07.550858
2025-07-07 00:12:36.000000000,Cohama,676.32,3.0691,31.41,8.19,810.69,-44.2287,-2.4877,True,2025-07-07 13:36:07.550858
2025-07-07 00:12:52.200000000,Sao_Cristovao,42.77,2.182,23.85,8.17,253.45,-44.2652,-2.4954,True,2025-07-07 13:36:07.550858
2025-07-07 00:13:10.200000000,Cohama,656.72,5.381900000000001,31.14,7.87,637.49,-44.2287,-2.4877,True,2025-07-07 13:36:07.550858
2025-07-07 00:13:25.800000000,Sao_Cristovao,46.86,5.4403,32.18,7.29,594.82,-44.2652,-2.4954,True,2025-07-07 13:36:07.550858
2025-07-07 00:14:06.000000000,Cohama,737.13,5.4026,27.7,8.13,86.33,-44.2287,-2.4877,True,2025-07-07 13:36:07.550858
2025-07-07 00:14:40.200000000,Cohama,65.76,2.1501,20.95,6.53,353.23,-44.2287,-2.4877,True,2025-07-07 13:36:07.550858
2025-07-07 00:14:46.200000000,Cohama,63.2,5.3781,22.58,7.16,410.79,-44.2287,-2.4877,True,2025-07-07 13:36:07.550858
2025-07-07 00:14:55.800000000,Sao_Cristovao,43.56,3.6947,20.45,6.84,954.08,-44.2652,-2.4954,True,2025-07-07 13:36:07.550858
2025-07-07 00:15:04.200000000,Sao_Cristovao,495.39,2.0874,22.76,7.49,106.64,-44.2652,-2.4954,True,2025-07-07 13:36:07.550858
2025-07-07 00:15:10.200000000,Cohama,58.95,3.0313999999999997,28.03,8.18,451.52,-44.2287,-2.4877,True,2025-07-07 13:36:07.550858
2025-07-07 00:15:40.200000000,Sao_Cristovao,462.91,2.2666,30.93,8.03,383.01,-44.2652,-2.4954,True,2025-07-07 13:36:07.550858
2025-07-07 00:16:12.000000000,Sao_Cristovao,490.37,2.0928,23.27,8.44,535.48,-44.2652,-2.4954,True,2025-07-07 13:36:07.550858
2025-07-07 00:16:13.800000000,Cohama,733.06,3.1055,18.33,7.32,610.95,-44.2287,-2.4877,True,2025-07-07 13:36:07.550858
2025-07-07 00:16:16.200000000,Sao_Cristovao,518.62,2.9829000000000003,27.72,6.68,209.06,-44.2652,-2.4954,True,2025-07-07 13:36:07.550858
2025-07-07 00:16:16.200000000,Cohama,64.28,3.2893,18.85,6.84,186.41,-44.2287,-2.4877,True,2025-07-07 13:36:07.550858
2025-07-07 00:16:31.800000000,Cohama,60.99,3.5965,19.57,7.55,69.64,-44.2287,-2.4877,True,2025-07-07 13:36:07.550858
2025-07-07 00:17:01.800000000,Sao_Cristovao,494.85,4.3506,22.34,8.27,702.8,-44.2652,-2.4954,True,2025-07-07 13:36:07.550858
2025-07-07 00:17:01.800000000,Cohama,59.8,3.7849,19.91,6.83,650.68,-44.2287,-2.4877,True,2025-07-07 13:36:07.550858
2025-07-07 00:17:10.200000000,Cohama,63.95,2.6775,29.96,7.14,805.18,-44.2287,-2.4877,True,2025-07-07 13:36:07.550858
2025-07-07 00:17:30.000000000,Cohama,62.0,3.2873,26.93,7.15,977.24,-44.2287,-2.4877,True,2025-07-07 13:36:07.550858
2025-07-07 00:17:34.199999999,Cohama,62.25,3.2642,25.62,6.94,354.32,-44.2287,-2.4877,True,2025-07-07 13:36:07.550858
2025-07-07 00:17:37.800000000,Cohama,64.31,2.9177999999999997,27.99,7.82,862.12,-44.2287,-2.4877,True,2025-07-07 13:36:07.550858
2025-07-07 00:17:46.200000000,Cohama,673.04,3.9383,23.01,8.48,611.78,-44.2287,-2.4877,True,2025-07-07 13:36:07.550858
2025-07-07 00:17:49.800000000,Sao_Cristovao,42.4,5.7261,20.15,8.45,728.69,-44.2652,-2.4954,True,2025-07-07 13:36:07.550858
2025-07-07 00:18:24.000000000,Sao_Cristovao,530.98,4.5961,28.09,8.49,719.16,-44.2652,-2.4954,True,2025-07-07 13:36:07.550858
2025-07-07 00:18:30.000000000,Sao_Cristovao,45.24,3.7919,32.26,8.02,292.43,-44.2652,-2.4954,True,2025-07-07 13:36:07.550858
2025-07-07 00:18:30.000000000,Cohama,64.09,5.7785,18.28,8.33,649.07,-44.2287,-2.4877,True,2025-07-07 13:36:07.550858
2025-07-07 00:18:49.800000000,Cohama,65.84,5.410299999999999,25.09,7.71,332.02,-44.2287,-2.4877,True,2025-07-07 13:36:07.550858
2025-07-07 00:00:00.000000000,Sao_Cristovao,472.22,4.0051,24.26,8.5,800.16,-44.2652,-2.4954,True,2025-07-07 13:36:07.550858
2025-07-07 00:00:19.800000000,Sao_Cristovao,513.78,4.3225,20.97,7.04,571.27,-44.2652,-2.4954,True,2025-07-07 13:36:07.550858
2025-07-07 00:00:24.000000000,Sao_Cristovao,47.47,2.1931,27.53,6.97,771.84,-44.2652,-2.4954,True,2025-07-07 13:36:07.550858
2025-07-07 00:00:25.800000000,Sao_Cristovao,481.44,5.4237,21.75,7.47,712.96,-44.2652,-2.4954,True,2025-07-07 13:36:07.550858
2025-07-07 00:00:28.200000000,Sao_Cristovao,44.83,3.8031,29.72,6.94,180.0,-44.2652,-2.4954,True,2025-07-07 13:36:07.550858
2025-07-07 00:00:52.200000000,Cohama,671.32,5.6047,20.81,7.22,696.6,-44.2287,-2.4877,True,2025-07-07 13:36:07.550858
2025-07-07 00:00:55.800000000,Sao_Cristovao,535.16,2.7872000000000003,20.03,7.58,586.34,-44.2652,-2.4954,True,2025-07-07 13:36:07.550858
2025-07-07 00:00:58.200000000,Cohama,707.25,2.5663,29.84,7.61,613.8,-44.2287,-2.4877,True,2025-07-07 13:36:07.550858
2025-07-07 00:01:00.000000000,Cohama,59.74,5.541799999999999,26.34,7.35,383.54,-44.2287,-2.4877,True,2025-07-07 13:36:07.550858
2025-07-07 00:01:40.200000000,Cohama,60.07,4.312,31.61,7.35,509.24,-44.2287,-2.4877,True,2025-07-07 13:36:07.550858
2025-07-07 00:01:55.800000000,Sao_Cristovao,512.7,4.3103,21.24,7.59,685.11,-44.2652,-2.4954,True,2025-07-07 13:36:07.550858
2025-07-07 00:02:28.200000000,Sao_Cristovao,43.66,3.0739,27.45,7.1,275.65,-44.2652,-2.4954,True,2025-07-07 13:36:07.550858
2025-07-07 00:02:30.000000000,Cohama,62.31,4.4167000000000005,24.08,8.16,634.78,-44.2287,-2.4877,True,2025-07-07 13:36:07.550858
2025-07-07 00:02:40.200000000,Sao_Cristovao,43.82,3.9141000000000004,27.92,6.88,350.8,-44.2652,-2.4954,True,2025-07-07 13:36:07.550858
2025-07-07 00:03:01.800000000,Sao_Cristovao,504.6,4.5877,26.9,6.6,108.22,-44.2652,-2.4954,True,2025-07-07 13:36:07.550858
2025-07-07 00:03:12.000000000,Cohama,59.0,5.7652,18.1,7.43,578.19,-44.2287,-2.4877,True,2025-07-07 13:36:07.550858
2025-07-07 00:03:24.000000000,Cohama,723.78,3.3416,24.49,7.82,843.58,-44.2287,-2.4877,True,2025-07-07 13:36:07.550858
2025-07-07 00:03:37.800000000,Cohama,709.44,3.4156,20.93,7.4,676.25,-44.2287,-2.4877,True,2025-07-07 13:36:07.550858
2025-07-07 00:03:43.800000000,Sao_Cristovao,40.98,3.2319,23.47,6.63,188.21,-44.2652,-2.4954,True,2025-07-07 13:36:07.550858
2025-07-07 00:03:48.000000000,Sao_Cristovao,45.44,3.4720999999999997,31.93,6.78,245.66,-44.2652,-2.4954,True,2025-07-07 13:36:07.550858
2025-07-07 00:04:00.000000000,Sao_Cristovao,45.04,2.8154000000000003,28.01,7.24,180.32,-44.2652,-2.4954,True,2025-07-07 13:36:07.550858
2025-07-07 00:04:16.200000000,Sao_Cristovao,463.56,3.5038,32.69,7.07,50.17,-44.2652,-2.4954,True,2025-07-07 13:36:07.550858
2025-07-07 00:04:18.000000000,Sao_Cristovao,43.36,2.0321000000000002,22.41,7.22,790.25,-44.2652,-2.4954,True,2025-07-07 13:36:07.550858
2025-07-07 00:04:25.800000000,Sao_Cristovao,513.94,3.8106999999999998,20.15,7.13,554.91,-44.2652,-2.4954,True,2025-07-07 13:36:07.550858
2025-07-07 00:04:48.000000000,Sao_Cristovao,502.96,4.6237,22.86,6.87,66.52,-44.2652,-2.4954,True,2025-07-07 13:36:07.550858
2025-07-07 00:05:07.800000000,Cohama,58.48,4.3934,18.86,6.73,870.36,-44.2287,-2.4877,True,2025-07-07 13:36:07.550858
2025-07-07 00:05:18.000000000,Cohama,64.36,4.8153,24.62,6.9,615.37,-44.2287,-2.4877,True,2025-07-07 13:36:07.550858
2025-07-07 00:05:19.800000000,Sao_Cristovao,512.78,5.989299999999999,30.25,7.47,526.7,-44.2652,-2.4954,True,2025-07-07 13:36:07.550858
2025-07-07 00:05:25.800000000,Sao_Cristovao,42.19,3.6152999999999995,28.87,7.57,614.98,-44.2652,-2.4954,True,2025-07-07 13:36:07.550858
2025-07-07 00:05:30.000000000,Sao_Cristovao,45.37,5.3739,32.14,7.73,568.07,-44.2652,-2.4954,True,2025-07-07 13:36:07.550858
2025-07-07 00:05:42.000000000,Sao_Cristovao,462.5,2.9737999999999998,32.08,8.36,307.77,-44.2652,-2.4954,True,2025-07-07 13:36:07.550858
2025-07-07 00:06:04.200000000,Cohama,703.9,2.6214,32.55,7.87,588.03,-44.2287,-2.4877,True,2025-07-07 13:36:07.550858
2025-07-07 00:06:49.800000000,Sao_Cristovao,43.74,2.0893,26.35,7.78,620.29,-44.2652,-2.4954,True,2025-07-07 13:36:07.550858
2025-07-07 00:07:13.800000000,Cohama,681.94,5.272,27.65,7.79,637.16,-44.2287,-2.4877,True,2025-07-07 13:36:07.550858
2025-07-07 00:07:22.200000000,Cohama,65.14,3.3413999999999997,26.0,8.05,893.78,-44.2287,-2.4877,True,2025-07-07 13:36:07.550858
2025-07-07 00:07:36.000000000,Cohama,61.9,4.5543000000000005,18.14,8.0,943.58,-44.2287,-2.4877,True,2025-07-07 13:36:07.550858
2025-07-07 00:07:52.200000000,Cohama,64.73,2.9928,24.32,8.19,865.14,-44.2287,-2.4877,True,2025-07-07 13:36:07.550858
2025-07-07 00:07:58.200000000,Sao_Cristovao,43.21,5.930700000000001,28.48,8.46,175.79,-44.2652,-2.4954,True,2025-07-07 13:36:07.550858
2025-07-07 00:08:28.200000000,Cohama,62.52,4.9697000000000005,19.18,8.32,955.39,-44.2287,-2.4877,True,2025-07-07 13:36:07.550858
2025-07-07 00:09:12.000000000,Sao_Cristovao,46.08,3.5174000000000003,22.7,6.7,471.79,-44.2652,-2.4954,True,2025-07-07 13:36:07.550858
2025-07-07 00:09:24.000000000,Sao_Cristovao,45.8,5.9912,31.02,7.53,777.83,-44.2652,-2.4954,True,2025-07-07 13:36:07.550858
2025-07-07 00:09:25.800000000,Cohama,64.79,2.6643,24.64,6.79,892.66,-44.2287,-2.4877,True,2025-07-07 13:36:07.550858
2025-07-07 00:09:42.000000000,Sao_Cristovao,46.34,3.9734,26.12,7.5,607.74,-44.2652,-2.4954,True,2025-07-07 13:36:07.550858
2025-07-07 00:10:10.200000000,Cohama,59.46,2.2742,22.44,6.88,524.11,-44.2287,-2.4877,True,2025-07-07 13:36:07.550858
2025-07-07 00:10:13.800000000,Cohama,706.24,2.0843000000000003,20.76,7.18,217.92,-44.2287,-2.4877,True,2025-07-07 13:36:07.550858
2025-07-07 00:10:16.200000000,Sao_Cristovao,47.08,3.1069999999999998,23.61,7.71,370.27,-44.2652,-2.4954,True,2025-07-07 13:36:07.550858
2025-07-07 00:10:37.800000000,Sao_Cristovao,47.72,4.8171,28.46,8.19,508.93,-44.2652,-2.4954,True,2025-07-07 13:36:07.550858
2025-07-07 00:10:40.200000000,Sao_Cristovao,41.65,4.5667,22.32,8.33,149.23,-44.2652,-2.4954,True,2025-07-07 13:36:07.550858
2025-07-07 00:11:24.000000000,Sao_Cristovao,43.71,3.3248,32.91,6.8,153.1,-44.2652,-2.4954,True,2025-07-07 13:36:07.550858
2025-07-07 00:11:40.200000000,Sao_Cristovao,476.5,2.6761,32.55,6.56,776.71,-44.2652,-2.4954,True,2025-07-07 13:36:07.550858
2025-07-07 00:11:40.200000000,Cohama,61.33,4.8444,22.97,8.4,529.23,-44.2287,-2.4877,True,2025-07-07 13:36:07.550858
2025-07-07 00:11:46.200000000,Sao_Cristovao,46.95,5.7852,23.81,7.44,807.24,-44.2652,-2.4954,True,2025-07-07 13:36:07.550858
2025-07-07 00:11:48.000000000,Sao_Cristovao,42.41,4.5243,22.32,8.28,354.11,-44.2652,-2.4954,True,2025-07-07 13:36:07.550858
2025-07-07 00:12:19.800000000,Cohama,700.45,3.0879000000000003,31.28,6.88,576.07,-44.2287,-2.4877,True,2025-07-07 13:36:07.550858
2025-07-07 00:12:22.200000000,Cohama,661.58,3.4362,31.44,7.05,490.63,-44.2287,-2.4877,True,2025-07-07 13:36:07.550858
2025-07-07 00:12:24.000000000,Cohama,58.8,4.2514,29.49,7.77,401.4,-44.2287,-2.4877,True,2025-07-07 13:36:07.550858
2025-07-07 00:12:42.000000000,Cohama,665.52,5.4611,30.51,7.19,336.86,-44.2287,-2.4877,True,2025-07-07 13:36:07.550858
2025-07-07 00:12:43.800000000,Sao_Cristovao,41.93,4.9624,25.78,7.0,713.98,-44.2652,-2.4954,True,2025-07-07 13:36:07.550858
2025-07-07 00:12:46.200000000,Sao_Cristovao,43.04,3.7766,25.49,8.01,777.65,-44.2652,-2.4954,True,2025-07-07 13:36:07.550858
2025-07-07 00:13:37.800000000,Cohama,660.64,3.5331,20.6,7.38,986.6,-44.2287,-2.4877,True,2025-07-07 13:36:07.550858
2025-07-07 00:13:40.200000000,Sao_Cristovao,47.02,2.8832999999999998,28.72,6.93,976.47,-44.2652,-2.4954,True,2025-07-07 13:36:07.550858
2025-07-07 00:13:43.800000000,Sao_Cristovao,480.43,5.940499999999999,19.25,7.1,617.89,-44.2652,-2.4954,True,2025-07-07 13:36:07.550858
2025-07-07 00:13:52.200000000,Sao_Cristovao,45.59,4.9325,21.29,7.23,665.33,-44.2652,-2.4954,True,2025-07-07 13:36:07.550858
2025-07-07 00:13:52.200000000,Cohama,63.8,2.4863999999999997,28.69,7.71,542.02,-44.2287,-2.4877,True,2025-07-07 13:36:07.550858
2025-07-07 00:14:06.000000000,Cohama,695.58,5.4721,22.92,7.23,970.66,-44.2287,-2.4877,True,2025-07-07 13:36:07.550858
2025-07-07 00:14:18.000000000,Cohama,660.14,3.4929,21.67,8.19,155.62,-44.2287,-2.4877,True,2025-07-07 13:36:07.550858
2025-07-07 00:14:58.200000000,Cohama,63.41,4.0192000000000005,24.73,6.73,613.55,-44.2287,-2.4877,True,2025-07-07 13:36:07.550858
2025-07-07 00:15:16.200000000,Cohama,683.41,4.005199999999999,26.63,7.71,665.87,-44.2287,-2.4877,True,2025-07-07 13:36:07.550858
2025-07-07 00:15:28.200000000,Sao_Cristovao,46.75,3.5724,24.58,7.23,289.05,-44.2652,-2.4954,True,2025-07-07 13:36:07.550858
2025-07-07 00:15:40.200000000,Sao_Cristovao,43.3,5.8453,21.56,7.52,248.43,-44.2652,-2.4954,True,2025-07-07 13:36:07.550858
2025-07-07 00:16:37.800000000,Cohama,61.91,4.4927,27.5,8.07,111.26,-44.2287,-2.4877,True,2025-07-07 13:36:07.550858
2025-07-07 00:16:46.200000000,Sao_Cristovao,45.47,3.9979,19.44,6.85,803.9,-44.2652,-2.4954,True,2025-07-07 13:36:07.550858
2025-07-07 00:17:06.000000000,Sao_Cristovao,530.34,4.1011,24.8,8.09,229.94,-44.2652,-2.4954,True,2025-07-07 13:36:07.550858
2025-07-07 00:17:07.800000000,Cohama,62.03,5.7867999999999995,24.86,7.66,231.1,-44.2287,-2.4877,True,2025-07-07 13:36:07.550858
2025-07-07 00:17:19.800000000,Sao_Cristovao,502.21,2.3994,31.03,8.35,108.61,-44.2652,-2.4954,True,2025-07-07 13:36:07.550858
2025-07-07 00:17:37.800000000,Cohama,60.06,5.544,30.15,6.55,180.08,-44.2287,-2.4877,True,2025-07-07 13:36:07.550858
