sensorId,tempo_min,latitude,longitude,vazao,status,ph,dqo,od,turbidez,temperatura,coliformes,ecoli,h2s,amonia,qualidade
Anil,0.33,-2.5227,-44.2549,541.42,VAZAMENTO,8.45,441.92,4.19,254.41,23.53,2071,928,1.05,3.19,RUIM
Centro,0.5,-2.515,-44.2906,29.89,ENTUPIMENTO,7.98,396.16,1.49,549.88,23.26,1182,572,1.83,2.34,RUIM
Centro,0.53,-2.515,-44.2906,32.14,ENTUPIMENTO,7.4,298.2,4.3,308.99,22.81,654,199,0.03,2.7,MODERADA
Anil,0.6,-2.5227,-44.2549,515.73,VAZAMENTO,7.89,359.25,2.9,438.99,26.85,511,538,0.8,0.74,MODERADA
Centro,1.0,-2.515,-44.2906,327.88,VAZAMENTO,7.14,472.41,2.74,845.37,29.21,1686,291,1.65,1.06,RUIM
Centro,1.13,-2.515,-44.2906,27.89,ENTUPIMENTO,8.46,548.99,1.68,195.75,27.26,980,487,1.14,3.75,RUIM
Anil,1.13,-2.5227,-44.2549,47.62,ENTUPIMENTO,6.8,426.44,2.98,788.45,30.11,1987,1019,0.42,3.52,MODERADA
Anil,1.27,-2.5227,-44.2549,51.65,ENTUPIMENTO,7.56,570.67,1.88,399.25,30.18,1923,1075,1.39,2.82,RUIM
Anil,1.97,-2.5227,-44.2549,51.48,ENTUPIMENTO,8.46,217.56,2.35,161.73,29.86,711,848,0.84,3.98,MODERADA
Anil,2.03,-2.5227,-44.2549,47.14,ENTUPIMENTO,8.5,493.23,1.55,59.4,20.3,1054,374,1.7,0.62,RUIM
Anil,2.27,-2.5227,-44.2549,51.93,ENTUPIMENTO,7.84,516.26,4.78,981.16,29.63,2073,374,1.55,3.08,RUIM
Centro,2.5,-2.515,-44.2906,32.94,ENTUPIMENTO,7.58,449.59,3.99,484.23,27.6,2271,350,1.35,0.99,RUIM
Anil,2.77,-2.5227,-44.2549,48.06,ENTUPIMENTO,6.83,434.7,3.67,647.24,27.13,2071,840,1.28,4.74,RUIM
Centro,3.37,-2.515,-44.2906,32.12,ENTUPIMENTO,6.59,586.46,3.86,516.25,20.32,2204,808,0.67,2.65,RUIM
Centro,3.57,-2.515,-44.2906,31.83,ENTUPIMENTO,6.52,359.31,2.17,344.01,18.03,550,538,1.49,1.21,MODERADA
Anil,4.03,-2.5227,-44.2549,587.95,VAZAMENTO,7.69,395.71,1.57,76.42,19.89,1777,289,0.39,1.52,RUIM
Centro,4.13,-2.515,-44.2906,388.49,VAZAMENTO,7.64,590.31,1.41,959.45,27.85,2105,432,1.4,3.53,RUIM
Anil,4.47,-2.5227,-44.2549,532.33,VAZAMENTO,7.47,354.62,3.09,618.86,25.18,1254,231,0.08,2.25,MODERADA
Centro,4.5,-2.515,-44.2906,339.6,VAZAMENTO,7.58,595.9,3.59,671.55,18.39,1730,685,1.75,0.95,RUIM
Anil,4.6,-2.5227,-44.2549,46.39,ENTUPIMENTO,7.86,514.52,1.15,558.47,19.53,2270,530,1.14,1.17,RUIM
Anil,5.17,-2.5227,-44.2549,52.43,ENTUPIMENTO,7.2,393.63,4.31,968.83,19.74,2232,421,1.26,2.31,RUIM
Anil,5.2,-2.5227,-44.2549,535.52,VAZAMENTO,7.71,292.89,1.08,311.33,18.52,1043,246,0.75,2.24,RUIM
Anil,5.27,-2.5227,-44.2549,48.24,ENTUPIMENTO,6.93,237.07,3.76,386.11,23.37,2303,320,1.19,0.62,RUIM
Anil,5.43,-2.5227,-44.2549,537.65,VAZAMENTO,6.82,488.57,3.47,471.77,31.23,704,524,1.89,4.57,RUIM
Centro,5.53,-2.515,-44.2906,30.46,ENTUPIMENTO,8.42,549.08,2.43,668.67,23.15,2465,625,1.02,1.14,RUIM
Centro,5.7,-2.515,-44.2906,371.32,VAZAMENTO,8.37,422.08,2.49,663.35,21.98,1012,575,0.62,1.88,MODERADA
Centro,5.77,-2.515,-44.2906,352.71,VAZAMENTO,6.63,429.84,4.19,731.36,26.58,576,889,1.54,3.44,RUIM
Centro,6.17,-2.515,-44.2906,31.75,ENTUPIMENTO,8.32,574.94,4.99,999.09,27.32,539,244,0.25,1.24,RUIM
Anil,6.27,-2.5227,-44.2549,545.44,VAZAMENTO,7.93,514.81,1.6,101.26,29.54,1521,401,1.8,4.32,RUIM
Centro,6.3,-2.515,-44.2906,373.11,VAZAMENTO,7.89,521.24,4.94,276.68,21.98,1095,921,0.33,2.81,RUIM
Anil,6.57,-2.5227,-44.2549,588.67,VAZAMENTO,8.02,339.6,3.76,135.72,22.45,1439,737,1.13,3.29,MODERADA
Anil,6.93,-2.5227,-44.2549,519.17,VAZAMENTO,7.89,206.0,2.56,212.03,28.45,1582,979,0.63,3.92,MODERADA
Anil,6.97,-2.5227,-44.2549,45.3,ENTUPIMENTO,8.05,273.92,1.78,431.31,23.05,1911,587,0.85,1.18,RUIM
Anil,7.17,-2.5227,-44.2549,50.36,ENTUPIMENTO,7.09,244.83,3.77,68.44,32.07,2003,252,0.68,1.35,RUIM
Centro,7.23,-2.515,-44.2906,31.36,ENTUPIMENTO,7.27,368.21,1.73,495.84,26.03,845,888,0.91,1.18,RUIM
Anil,7.4,-2.5227,-44.2549,529.76,VAZAMENTO,6.6,253.82,2.95,286.54,32.03,565,849,0.85,2.09,MODERADA
Anil,7.53,-2.5227,-44.2549,46.67,ENTUPIMENTO,7.05,272.72,2.36,180.63,31.77,1397,729,0.09,2.78,MODERADA
Centro,7.57,-2.515,-44.2906,388.07,VAZAMENTO,7.53,243.05,3.43,222.1,22.83,1481,311,1.45,0.92,MODERADA
Anil,7.67,-2.5227,-44.2549,532.1,VAZAMENTO,8.37,437.61,1.86,353.74,30.2,1194,654,1.73,3.27,RUIM
Centro,7.73,-2.515,-44.2906,334.14,VAZAMENTO,8.08,463.48,3.4,643.57,18.37,1185,967,1.23,1.68,MODERADA
Anil,8.67,-2.5227,-44.2549,558.91,VAZAMENTO,6.75,455.71,2.6,515.98,25.16,904,1023,0.04,4.51,RUIM
Centro,8.7,-2.515,-44.2906,372.85,VAZAMENTO,8.22,218.79,2.99,617.87,30.66,973,836,1.55,3.72,RUIM
Anil,9.1,-2.5227,-44.2549,586.35,VAZAMENTO,7.91,317.58,2.61,867.34,28.25,2425,737,1.8,3.23,RUIM
Centro,9.33,-2.515,-44.2906,31.89,ENTUPIMENTO,7.1,593.85,2.42,965.97,30.2,854,609,0.7,0.53,RUIM
Anil,9.33,-2.5227,-44.2549,565.38,VAZAMENTO,8.32,517.4,2.61,953.43,19.59,2456,360,0.24,3.53,RUIM
Centro,9.47,-2.515,-44.2906,383.99,VAZAMENTO,6.68,227.74,2.4,511.59,28.49,2116,732,0.04,1.41,RUIM
Centro,9.77,-2.515,-44.2906,30.41,ENTUPIMENTO,7.86,422.63,3.07,830.68,30.42,2260,325,0.92,3.28,RUIM
Anil,9.8,-2.5227,-44.2549,49.94,ENTUPIMENTO,7.73,312.24,2.36,515.64,28.24,1305,565,1.55,2.02,RUIM
Anil,11.03,-2.5227,-44.2549,532.36,VAZAMENTO,6.86,404.11,4.22,846.26,26.9,1437,939,1.25,4.49,RUIM
Centro,11.47,-2.515,-44.2906,334.19,VAZAMENTO,6.92,280.59,2.15,232.17,23.78,2132,1011,0.23,3.08,RUIM
Anil,11.47,-2.5227,-44.2549,51.13,ENTUPIMENTO,7.83,406.57,1.73,81.32,24.93,1063,833,1.98,4.64,RUIM
Centro,11.57,-2.515,-44.2906,29.93,ENTUPIMENTO,6.71,222.06,3.49,910.84,21.29,1994,604,0.01,1.67,RUIM
Anil,11.93,-2.5227,-44.2549,553.55,VAZAMENTO,8.43,321.0,1.41,906.36,28.76,2305,986,1.54,4.9,RUIM
Centro,12.43,-2.515,-44.2906,378.21,VAZAMENTO,7.44,455.64,3.8,713.1,25.43,1433,462,0.5,0.6,MODERADA
Anil,12.43,-2.5227,-44.2549,46.06,ENTUPIMENTO,8.21,425.18,3.95,71.07,19.7,544,545,1.66,0.64,RUIM
Centro,12.83,-2.515,-44.2906,32.35,ENTUPIMENTO,7.49,538.14,1.41,141.89,19.71,2052,170,1.64,4.39,RUIM
Anil,12.9,-2.5227,-44.2549,580.28,VAZAMENTO,7.97,273.66,4.84,140.0,22.38,1498,642,0.43,0.69,MODERADA
Anil,12.93,-2.5227,-44.2549,50.64,ENTUPIMENTO,6.71,561.86,1.8,267.41,24.56,624,770,0.14,4.95,RUIM
Anil,13.0,-2.5227,-44.2549,51.06,ENTUPIMENTO,7.32,314.27,2.52,812.29,20.77,1168,664,1.93,3.78,RUIM
Anil,13.23,-2.5227,-44.2549,46.98,ENTUPIMENTO,8.07,520.31,1.83,872.15,32.81,1651,828,0.81,0.82,RUIM
Anil,13.43,-2.5227,-44.2549,48.27,ENTUPIMENTO,6.79,566.22,3.02,705.56,23.93,2448,581,0.45,1.61,RUIM
Anil,13.47,-2.5227,-44.2549,512.52,VAZAMENTO,6.51,555.43,1.07,646.88,28.55,1865,472,1.51,0.78,RUIM
Centro,13.87,-2.515,-44.2906,32.44,ENTUPIMENTO,7.01,233.98,3.93,121.01,18.33,1828,619,1.88,2.93,RUIM
Centro,14.2,-2.515,-44.2906,364.75,VAZAMENTO,8.42,346.77,2.72,103.25,29.37,1210,707,1.55,3.59,RUIM
Anil,14.3,-2.5227,-44.2549,50.41,ENTUPIMENTO,7.15,358.29,2.37,394.53,23.9,1976,804,0.34,3.8,MODERADA
Centro,14.33,-2.515,-44.2906,28.56,ENTUPIMENTO,8.33,316.64,2.75,620.97,30.36,2262,586,1.25,2.81,RUIM
Centro,14.8,-2.515,-44.2906,364.32,VAZAMENTO,8.28,209.41,2.09,210.62,28.67,1519,1095,1.53,2.99,RUIM
Anil,14.83,-2.5227,-44.2549,51.29,ENTUPIMENTO,8.41,321.66,3.52,365.03,19.96,871,996,1.59,0.68,RUIM
Centro,15.2,-2.515,-44.2906,328.69,VAZAMENTO,7.1,221.35,1.61,631.46,23.34,2068,100,1.98,1.6,RUIM
Centro,15.23,-2.515,-44.2906,29.21,ENTUPIMENTO,6.84,458.6,1.35,561.36,21.42,2432,342,0.33,2.65,RUIM
Centro,15.87,-2.515,-44.2906,315.13,VAZAMENTO,7.73,248.44,4.35,770.56,26.99,1879,175,1.76,2.8,RUIM
Centro,16.3,-2.515,-44.2906,335.94,VAZAMENTO,7.85,265.41,1.66,811.59,20.95,1241,285,0.09,3.34,RUIM
Centro,16.4,-2.515,-44.2906,313.69,VAZAMENTO,6.99,483.05,4.34,618.75,26.08,2149,307,1.18,4.01,RUIM
Anil,16.53,-2.5227,-44.2549,47.46,ENTUPIMENTO,6.79,205.34,1.98,275.8,23.28,2324,1064,1.58,2.01,RUIM
Anil,16.63,-2.5227,-44.2549,46.08,ENTUPIMENTO,7.45,254.4,2.02,632.8,19.46,839,194,1.66,1.04,RUIM
Anil,17.37,-2.5227,-44.2549,533.91,VAZAMENTO,8.13,588.33,1.87,459.35,18.09,1410,991,1.1,2.37,RUIM
Anil,17.6,-2.5227,-44.2549,575.8,VAZAMENTO,6.67,570.99,1.0,987.1,20.86,790,374,1.79,1.9,RUIM
Centro,17.93,-2.515,-44.2906,34.23,ENTUPIMENTO,7.05,477.21,1.89,599.37,24.11,1258,361,0.19,2.48,RUIM
Centro,18.33,-2.515,-44.2906,356.23,VAZAMENTO,6.59,598.75,4.95,291.23,29.35,1958,972,0.77,2.72,RUIM
Centro,18.57,-2.515,-44.2906,32.59,ENTUPIMENTO,6.57,220.5,1.2,987.44,27.39,969,856,1.2,3.35,RUIM
Anil,18.57,-2.5227,-44.2549,515.72,VAZAMENTO,6.52,436.95,3.09,94.28,21.67,695,381,0.52,0.96,MODERADA
Anil,18.63,-2.5227,-44.2549,51.54,ENTUPIMENTO,7.08,520.12,3.2,244.57,21.01,1812,239,1.14,3.08,RUIM
Centro,0.13,-2.515,-44.2906,346.34,VAZAMENTO,8.37,515.07,4.83,98.49,31.47,686,506,1.0,3.44,RUIM
Centro,0.3,-2.515,-44.2906,34.05,ENTUPIMENTO,8.22,360.28,3.68,892.73,18.08,1410,1037,0.38,4.6,RUIM
Centro,0.5,-2.515,-44.2906,34.2,ENTUPIMENTO,7.81,244.08,3.61,904.18,27.36,2184,405,1.07,1.91,RUIM
Anil,0.57,-2.5227,-44.2549,51.81,ENTUPIMENTO,8.47,214.67,3.65,663.91,29.6,2374,950,1.7,4.38,RUIM
Anil,0.63,-2.5227,-44.2549,46.74,ENTUPIMENTO,8.42,589.41,3.39,201.79,23.93,1366,144,1.81,3.95,RUIM
Centro,1.6,-2.515,-44.2906,27.88,ENTUPIMENTO,8.24,373.93,4.05,868.8,18.49,1892,848,0.3,1.18,RUIM
Anil,1.6,-2.5227,-44.2549,52.45,ENTUPIMENTO,6.7,274.65,4.19,204.12,28.52,1963,818,1.08,1.03,MODERADA
Anil,1.87,-2.5227,-44.2549,48.39,ENTUPIMENTO,8.1,345.72,2.46,851.8,19.64,1551,288,0.09,2.73,RUIM
Centro,1.93,-2.515,-44.2906,29.55,ENTUPIMENTO,7.74,380.88,2.69,940.25,23.07,553,1041,1.51,3.65,RUIM
Anil,1.93,-2.5227,-44.2549,52.73,ENTUPIMENTO,8.32,226.04,4.05,147.03,31.48,2470,363,0.3,4.91,RUIM
Anil,2.1,-2.5227,-44.2549,582.33,VAZAMENTO,8.43,362.23,4.5,932.75,21.72,1107,845,0.46,3.59,RUIM
Centro,2.77,-2.515,-44.2906,31.12,ENTUPIMENTO,7.8,440.22,4.49,523.48,21.9,888,114,1.19,2.83,MODERADA
Anil,3.3,-2.5227,-44.2549,51.03,ENTUPIMENTO,7.99,274.76,3.08,285.56,32.43,1664,553,0.68,1.44,MODERADA
Centro,3.5,-2.515,-44.2906,34.78,ENTUPIMENTO,6.95,404.97,3.86,843.03,27.97,679,426,1.22,1.13,RUIM
Anil,3.93,-2.5227,-44.2549,48.27,ENTUPIMENTO,7.44,210.76,2.17,97.58,31.17,782,331,1.44,1.46,MODERADA
Anil,4.0,-2.5227,-44.2549,571.78,VAZAMENTO,7.78,287.19,2.71,449.91,28.97,2467,142,1.15,3.66,RUIM
Centro,4.1,-2.515,-44.2906,341.4,VAZAMENTO,7.52,437.53,4.82,857.73,22.55,541,194,0.16,4.3,RUIM
Anil,4.33,-2.5227,-44.2549,566.29,VAZAMENTO,6.63,408.55,1.33,362.7,31.73,2342,700,1.21,4.61,RUIM
Centro,4.6,-2.515,-44.2906,367.83,VAZAMENTO,7.79,461.14,2.01,984.2,23.22,2412,351,1.31,2.24,RUIM
Centro,5.0,-2.515,-44.2906,330.98,VAZAMENTO,6.67,474.1,4.97,643.93,26.05,1733,884,0.74,2.97,MODERADA
Centro,5.57,-2.515,-44.2906,372.53,VAZAMENTO,8.12,235.73,4.11,566.17,20.71,2092,985,1.95,0.63,RUIM
Centro,5.6,-2.515,-44.2906,346.29,VAZAMENTO,7.95,429.82,4.15,227.77,27.07,1361,855,0.11,2.26,MODERADA
Centro,5.77,-2.515,-44.2906,27.87,ENTUPIMENTO,6.88,592.96,1.86,845.46,27.03,1231,1046,0.19,2.67,RUIM
Anil,5.97,-2.5227,-44.2549,49.25,ENTUPIMENTO,7.05,410.53,3.9,661.68,28.65,814,818,1.47,4.16,RUIM
Centro,6.03,-2.515,-44.2906,29.63,ENTUPIMENTO,8.38,542.88,3.64,307.94,30.46,1657,640,1.75,4.55,RUIM
Centro,6.53,-2.515,-44.2906,29.62,ENTUPIMENTO,6.72,350.88,4.46,534.6,22.51,2305,893,1.25,2.49,RUIM
Anil,6.93,-2.5227,-44.2549,578.4,VAZAMENTO,8.37,307.37,1.1,324.35,30.83,1878,978,1.17,2.8,RUIM
Anil,7.0,-2.5227,-44.2549,50.44,ENTUPIMENTO,8.23,318.65,1.4,481.15,20.1,568,691,1.19,1.55,RUIM
Anil,7.2,-2.5227,-44.2549,546.31,VAZAMENTO,7.37,264.74,4.73,537.41,23.16,2172,744,1.96,4.24,RUIM
Centro,7.33,-2.515,-44.2906,31.33,ENTUPIMENTO,7.65,487.09,3.48,664.84,20.27,712,1030,0.72,3.77,MODERADA
Centro,7.47,-2.515,-44.2906,30.56,ENTUPIMENTO,8.1,297.43,1.24,493.87,32.89,2460,234,0.31,1.53,RUIM
Anil,7.6,-2.5227,-44.2549,47.02,ENTUPIMENTO,6.52,344.12,2.89,850.24,20.73,1326,134,1.21,1.69,RUIM
Anil,7.63,-2.5227,-44.2549,52.69,ENTUPIMENTO,6.78,235.7,4.74,153.0,19.37,640,401,0.93,2.9,MODERADA
Anil,7.73,-2.5227,-44.2549,52.43,ENTUPIMENTO,7.44,450.53,3.55,925.9,27.24,825,752,0.59,2.36,RUIM
Centro,8.2,-2.515,-44.2906,318.73,VAZAMENTO,7.37,346.2,1.62,430.02,32.27,2162,581,1.1,4.49,RUIM
Centro,8.57,-2.515,-44.2906,367.97,VAZAMENTO,7.15,474.43,4.76,875.46,27.59,899,842,0.79,4.25,RUIM
Anil,8.73,-2.5227,-44.2549,553.64,VAZAMENTO,7.2,416.24,3.85,730.9,19.67,2070,552,0.98,4.26,RUIM
Centro,8.77,-2.515,-44.2906,28.0,ENTUPIMENTO,7.49,568.7,2.71,331.97,28.69,796,1019,1.68,4.8,RUIM
Centro,9.13,-2.515,-44.2906,29.19,ENTUPIMENTO,8.35,419.62,2.21,890.52,31.49,2018,776,0.22,1.92,RUIM
Centro,9.17,-2.515,-44.2906,320.87,VAZAMENTO,6.67,265.37,2.57,721.33,19.56,2055,261,0.76,0.76,RUIM
Anil,9.27,-2.5227,-44.2549,537.39,VAZAMENTO,7.2,557.81,2.61,297.18,26.36,572,859,1.31,3.26,RUIM
Centro,9.3,-2.515,-44.2906,354.53,VAZAMENTO,7.0,252.87,3.15,65.13,23.87,2472,125,0.92,2.21,RUIM
Centro,9.93,-2.515,-44.2906,322.82,VAZAMENTO,6.51,250.81,3.62,282.22,20.11,1107,984,1.46,4.07,RUIM
Centro,10.13,-2.515,-44.2906,328.35,VAZAMENTO,7.99,507.69,3.02,84.51,31.63,894,1079,0.18,2.52,RUIM
Anil,10.37,-2.5227,-44.2549,48.13,ENTUPIMENTO,8.38,555.01,4.31,465.35,27.26,2369,378,0.64,3.8,RUIM
Centro,10.7,-2.515,-44.2906,34.41,ENTUPIMENTO,7.78,212.22,1.08,619.74,19.5,1142,961,0.4,0.52,RUIM
Anil,11.0,-2.5227,-44.2549,512.68,VAZAMENTO,6.77,341.81,1.78,827.24,31.29,2036,840,1.53,3.89,RUIM
Centro,11.5,-2.515,-44.2906,34.93,ENTUPIMENTO,7.52,355.73,1.74,260.27,28.75,793,1020,0.46,1.91,RUIM
Centro,11.67,-2.515,-44.2906,371.55,VAZAMENTO,8.38,438.19,3.35,895.09,20.91,2300,939,0.48,1.48,RUIM
Centro,11.8,-2.515,-44.2906,370.54,VAZAMENTO,8.15,248.94,3.87,376.85,30.9,654,828,0.16,2.09,BOA
Anil,11.97,-2.5227,-44.2549,552.95,VAZAMENTO,7.9,473.53,3.04,170.06,23.66,1860,260,0.08,3.7,MODERADA
Anil,12.0,-2.5227,-44.2549,47.68,ENTUPIMENTO,8.28,532.94,2.73,186.57,20.87,667,605,0.49,1.1,RUIM
Anil,12.13,-2.5227,-44.2549,47.91,ENTUPIMENTO,6.85,463.1,3.04,438.45,26.82,2194,220,1.73,1.06,RUIM
Anil,12.27,-2.5227,-44.2549,515.68,VAZAMENTO,7.5,241.14,4.88,969.97,31.44,2187,980,1.1,3.51,RUIM
Centro,12.33,-2.515,-44.2906,32.62,ENTUPIMENTO,7.97,507.35,4.33,162.88,21.68,2358,554,0.78,3.62,RUIM
Anil,12.37,-2.5227,-44.2549,555.49,VAZAMENTO,6.5,516.02,4.94,585.5,27.35,1615,1061,1.36,3.76,RUIM
Anil,12.83,-2.5227,-44.2549,562.65,VAZAMENTO,7.69,487.64,3.43,52.78,30.55,2368,192,1.83,0.85,RUIM
Centro,12.87,-2.515,-44.2906,27.84,ENTUPIMENTO,6.98,580.69,1.13,539.31,24.54,2202,755,1.0,1.96,RUIM
Anil,12.87,-2.5227,-44.2549,562.5,VAZAMENTO,8.19,580.36,3.86,981.44,24.76,918,998,0.75,2.58,RUIM
Centro,12.9,-2.515,-44.2906,345.91,VAZAMENTO,8.07,360.53,4.86,160.43,24.38,2251,667,0.75,3.67,RUIM
Centro,13.3,-2.515,-44.2906,321.35,VAZAMENTO,6.65,417.61,2.78,611.03,28.72,844,989,1.81,3.83,RUIM
Anil,13.57,-2.5227,-44.2549,572.68,VAZAMENTO,8.09,347.75,3.25,187.36,23.43,1289,123,0.02,2.45,MODERADA
Centro,13.77,-2.515,-44.2906,359.09,VAZAMENTO,6.65,201.41,1.42,695.32,28.09,1603,679,1.0,3.57,RUIM
Anil,14.17,-2.5227,-44.2549,511.06,VAZAMENTO,6.7,266.71,3.38,460.65,23.6,861,863,1.15,2.79,MODERADA
Anil,14.23,-2.5227,-44.2549,521.53,VAZAMENTO,8.24,300.1,2.37,490.99,22.85,1761,567,0.67,4.11,RUIM
Anil,14.5,-2.5227,-44.2549,539.59,VAZAMENTO,6.74,409.79,4.6,592.76,27.54,1863,441,1.43,1.69,MODERADA
Centro,14.53,-2.515,-44.2906,32.57,ENTUPIMENTO,6.81,311.5,3.58,506.95,31.19,747,201,1.73,2.24,RUIM
Anil,14.53,-2.5227,-44.2549,47.41,ENTUPIMENTO,6.71,258.21,3.29,461.91,30.94,1382,1030,0.98,2.59,MODERADA
Anil,15.2,-2.5227,-44.2549,538.39,VAZAMENTO,6.91,329.68,2.0,126.58,21.28,689,546,1.01,3.92,RUIM
Anil,15.37,-2.5227,-44.2549,47.52,ENTUPIMENTO,7.77,568.03,2.47,857.86,31.61,763,526,1.24,4.6,RUIM
Centro,15.5,-2.515,-44.2906,29.78,ENTUPIMENTO,6.7,554.87,1.99,575.04,32.4,697,708,0.86,0.67,RUIM
Centro,15.67,-2.515,-44.2906,31.79,ENTUPIMENTO,7.69,473.94,4.27,969.26,28.12,1838,266,0.91,3.65,RUIM
Centro,16.33,-2.515,-44.2906,31.96,ENTUPIMENTO,7.8,295.92,4.55,392.83,20.24,2210,638,1.15,1.21,RUIM
Centro,16.9,-2.515,-44.2906,32.96,ENTUPIMENTO,6.99,417.64,4.83,257.95,28.44,2262,354,1.53,0.9,RUIM
Anil,17.03,-2.5227,-44.2549,52.04,ENTUPIMENTO,7.54,552.87,1.65,634.54,23.86,918,439,1.04,2.96,RUIM
Anil,17.17,-2.5227,-44.2549,49.68,ENTUPIMENTO,7.81,449.51,3.39,426.75,26.48,1001,492,0.92,4.98,RUIM
Anil,18.03,-2.5227,-44.2549,46.36,ENTUPIMENTO,8.38,356.58,1.75,948.55,26.29,616,111,1.42,1.61,RUIM
Vinhais,0.07,-2.57,-44.2966,597.01,VAZAMENTO,7.85,576.82,1.87,78.36,31.74,1626,841,1.39,4.42,RUIM
Renascenca,0.2,-2.5038,-44.2562,34.48,ENTUPIMENTO,7.69,263.34,1.76,227.82,32.62,2308,495,1.84,4.13,RUIM
Renascenca,0.33,-2.5038,-44.2562,33.46,ENTUPIMENTO,8.29,363.05,3.37,228.86,24.39,2438,1019,1.57,3.07,RUIM
Vinhais,0.4,-2.57,-44.2966,50.62,ENTUPIMENTO,7.43,307.53,1.11,339.35,22.35,806,342,1.2,3.38,RUIM
Renascenca,0.83,-2.5038,-44.2562,39.56,ENTUPIMENTO,6.86,510.65,1.51,904.34,24.51,1263,703,0.51,2.19,RUIM
Vinhais,0.83,-2.57,-44.2966,54.2,ENTUPIMENTO,7.86,431.18,1.64,315.04,30.65,1099,307,0.79,1.67,RUIM
Vinhais,0.9,-2.57,-44.2966,56.64,ENTUPIMENTO,7.35,258.31,1.5,346.26,29.74,1186,564,1.87,4.72,RUIM
Renascenca,1.1,-2.5038,-44.2562,37.19,ENTUPIMENTO,7.6,290.65,3.02,828.67,28.12,1686,452,1.98,0.6,RUIM
Vinhais,1.1,-2.57,-44.2966,50.25,ENTUPIMENTO,7.86,326.41,2.42,809.55,30.4,1619,995,0.28,2.25,RUIM
Vinhais,1.27,-2.57,-44.2966,50.82,ENTUPIMENTO,7.47,297.08,2.74,933.49,30.19,1361,497,0.26,3.97,RUIM
Vinhais,1.3,-2.57,-44.2966,562.85,VAZAMENTO,7.83,516.15,4.17,160.69,32.3,1048,738,1.64,4.45,RUIM
Renascenca,1.73,-2.5038,-44.2562,32.64,ENTUPIMENTO,7.87,226.24,2.53,772.51,30.16,2462,761,1.43,0.56,RUIM
Renascenca,1.83,-2.5038,-44.2562,34.76,ENTUPIMENTO,7.52,361.93,2.18,782.59,28.25,1955,105,0.73,3.94,MODERADA
Renascenca,1.97,-2.5038,-44.2562,39.11,ENTUPIMENTO,6.52,248.3,2.39,854.64,19.45,666,537,0.78,4.55,RUIM
Vinhais,2.2,-2.57,-44.2966,55.1,ENTUPIMENTO,6.97,455.21,1.52,267.01,19.7,613,291,1.82,4.34,RUIM
Vinhais,2.23,-2.57,-44.2966,52.11,ENTUPIMENTO,7.32,475.39,4.23,498.22,26.94,1031,838,0.27,3.08,MODERADA
Renascenca,2.7,-2.5038,-44.2562,33.99,ENTUPIMENTO,8.06,454.53,1.63,772.84,21.54,633,529,0.55,4.3,RUIM
Renascenca,2.83,-2.5038,-44.2562,395.38,VAZAMENTO,6.94,260.63,4.6,586.6,22.58,662,151,0.72,4.04,RUIM
Vinhais,2.97,-2.57,-44.2966,51.79,ENTUPIMENTO,7.87,597.09,1.39,578.93,23.18,1640,469,1.89,3.16,RUIM
Vinhais,3.2,-2.57,-44.2966,610.01,VAZAMENTO,6.68,296.08,3.97,777.01,29.71,1326,563,1.31,0.83,MODERADA
Vinhais,3.3,-2.57,-44.2966,566.18,VAZAMENTO,7.93,361.3,2.68,248.91,25.31,1562,994,1.94,4.63,RUIM
Vinhais,3.67,-2.57,-44.2966,50.73,ENTUPIMENTO,7.74,272.47,3.35,527.66,31.9,1840,284,0.11,2.66,MODERADA
Renascenca,4.1,-2.5038,-44.2562,32.39,ENTUPIMENTO,7.74,455.85,2.2,986.4,18.08,2256,774,1.04,1.24,RUIM
Renascenca,4.3,-2.5038,-44.2562,34.87,ENTUPIMENTO,7.89,506.66,3.31,106.64,21.35,1879,1078,0.44,4.35,RUIM
Vinhais,4.5,-2.57,-44.2966,558.49,VAZAMENTO,7.93,239.58,3.43,643.12,23.21,501,872,0.3,1.72,MODERADA
Renascenca,4.67,-2.5038,-44.2562,32.69,ENTUPIMENTO,7.12,411.13,4.54,278.6,25.29,1630,351,1.62,1.49,RUIM
Renascenca,4.83,-2.5038,-44.2562,37.66,ENTUPIMENTO,7.06,564.25,1.59,293.48,18.55,2381,640,1.82,1.7,RUIM
Vinhais,5.2,-2.57,-44.2966,610.09,VAZAMENTO,6.91,256.13,3.11,325.59,32.6,2466,840,1.11,1.63,RUIM
Renascenca,5.9,-2.5038,-44.2562,33.88,ENTUPIMENTO,7.28,303.99,2.57,342.1,30.52,1310,933,1.46,1.92,MODERADA
Vinhais,6.07,-2.57,-44.2966,54.84,ENTUPIMENTO,8.23,290.44,1.86,680.29,25.77,1755,500,1.03,3.78,RUIM
Vinhais,6.1,-2.57,-44.2966,625.78,VAZAMENTO,8.1,409.36,2.08,426.49,19.57,514,588,0.13,2.76,MODERADA
Renascenca,6.3,-2.5038,-44.2562,34.13,ENTUPIMENTO,6.55,557.31,3.78,979.31,18.48,1765,862,0.29,2.03,RUIM
Vinhais,6.47,-2.57,-44.2966,55.33,ENTUPIMENTO,6.82,296.28,1.85,234.78,18.18,2399,794,1.29,1.14,RUIM
Renascenca,6.5,-2.5038,-44.2562,33.19,ENTUPIMENTO,7.1,556.38,2.89,461.36,18.85,1101,1017,0.58,4.75,RUIM
Renascenca,6.53,-2.5038,-44.2562,36.91,ENTUPIMENTO,7.06,427.06,3.93,70.73,31.53,1511,318,2.0,2.17,RUIM
Renascenca,6.8,-2.5038,-44.2562,37.58,ENTUPIMENTO,7.43,426.95,3.35,284.47,18.17,998,989,1.9,3.41,RUIM
Vinhais,7.0,-2.57,-44.2966,53.27,ENTUPIMENTO,8.44,328.48,4.96,675.01,30.37,2260,369,1.52,1.91,RUIM
Vinhais,7.07,-2.57,-44.2966,52.94,ENTUPIMENTO,7.63,201.87,3.17,619.34,29.73,1295,443,0.11,4.73,RUIM
Renascenca,7.57,-2.5038,-44.2562,38.6,ENTUPIMENTO,8.35,347.58,2.5,87.35,24.87,2127,512,1.38,4.38,RUIM
Renascenca,8.03,-2.5038,-44.2562,379.35,VAZAMENTO,7.34,592.39,4.61,129.21,31.21,1389,454,0.99,4.8,RUIM
Renascenca,8.17,-2.5038,-44.2562,35.91,ENTUPIMENTO,7.76,496.38,1.49,267.64,21.35,2123,1061,0.97,0.54,RUIM
Renascenca,8.43,-2.5038,-44.2562,35.54,ENTUPIMENTO,7.59,558.41,4.65,883.33,21.95,1130,306,0.04,3.4,RUIM
Vinhais,8.43,-2.57,-44.2966,54.99,ENTUPIMENTO,6.54,331.77,4.49,93.28,20.57,1731,993,1.91,0.83,RUIM
Vinhais,9.2,-2.57,-44.2966,55.18,ENTUPIMENTO,6.65,499.21,2.54,56.69,23.69,690,687,1.77,0.87,RUIM
Vinhais,9.43,-2.57,-44.2966,57.08,ENTUPIMENTO,7.63,354.3,1.66,863.82,24.26,1211,160,0.3,0.56,RUIM
Vinhais,9.63,-2.57,-44.2966,51.77,ENTUPIMENTO,7.62,337.24,3.39,162.57,23.82,983,555,0.81,2.19,BOA
Renascenca,9.7,-2.5038,-44.2562,33.85,ENTUPIMENTO,6.96,356.62,2.09,652.25,18.58,1050,196,0.36,2.46,MODERADA
Renascenca,9.8,-2.5038,-44.2562,34.85,ENTUPIMENTO,7.36,370.59,3.66,985.73,31.42,2409,872,0.59,1.77,RUIM
Vinhais,9.9,-2.57,-44.2966,56.85,ENTUPIMENTO,7.62,438.96,2.48,654.3,28.76,1686,656,1.01,3.74,MODERADA
Vinhais,10.03,-2.57,-44.2966,52.3,ENTUPIMENTO,7.68,535.07,4.77,792.02,32.46,1855,796,1.87,2.19,RUIM
Renascenca,10.17,-2.5038,-44.2562,419.15,VAZAMENTO,6.8,292.27,2.97,416.65,25.03,2085,780,1.12,1.59,RUIM
Vinhais,10.2,-2.57,-44.2966,55.33,ENTUPIMENTO,7.67,299.9,1.62,849.47,19.14,780,107,0.86,2.91,RUIM
Vinhais,10.27,-2.57,-44.2966,567.52,VAZAMENTO,7.03,494.93,1.88,213.29,32.69,1597,229,1.65,1.83,RUIM
Renascenca,10.4,-2.5038,-44.2562,37.87,ENTUPIMENTO,7.01,553.27,4.96,551.39,22.52,2436,989,1.87,3.23,RUIM
Vinhais,10.4,-2.57,-44.2966,574.56,VAZAMENTO,6.54,233.66,3.31,511.39,30.33,2336,385,1.39,1.86,RUIM
Renascenca,10.57,-2.5038,-44.2562,36.15,ENTUPIMENTO,7.88,285.49,5.0,879.76,20.09,1194,248,1.47,3.67,RUIM
Vinhais,11.3,-2.57,-44.2966,53.68,ENTUPIMENTO,8.38,350.8,2.74,824.63,23.05,2130,552,1.92,1.95,RUIM
Renascenca,11.5,-2.5038,-44.2562,33.59,ENTUPIMENTO,7.86,220.03,1.7,800.41,20.85,2118,702,1.45,1.93,RUIM
Renascenca,11.6,-2.5038,-44.2562,376.78,VAZAMENTO,7.07,262.11,4.96,206.16,27.6,715,761,0.16,1.32,BOA
Vinhais,11.7,-2.57,-44.2966,613.2,VAZAMENTO,6.83,465.36,1.01,340.73,23.3,1487,784,1.82,1.28,RUIM
Renascenca,11.73,-2.5038,-44.2562,37.02,ENTUPIMENTO,6.89,407.32,1.07,568.85,24.33,2374,484,0.08,0.91,RUIM
Renascenca,11.9,-2.5038,-44.2562,407.25,VAZAMENTO,7.74,391.31,1.35,698.82,32.44,1225,1029,0.35,3.84,RUIM
Vinhais,12.33,-2.57,-44.2966,54.59,ENTUPIMENTO,7.29,512.72,4.6,650.41,26.01,1261,632,1.94,0.91,RUIM
Renascenca,12.57,-2.5038,-44.2562,372.68,VAZAMENTO,7.63,252.91,3.78,272.21,30.2,2177,295,0.38,3.45,RUIM
Vinhais,12.9,-2.57,-44.2966,50.01,ENTUPIMENTO,6.86,531.96,3.45,895.51,25.9,916,966,1.36,0.69,RUIM
Renascenca,13.1,-2.5038,-44.2562,38.45,ENTUPIMENTO,6.92,493.15,3.99,786.64,21.1,787,277,0.6,3.99,MODERADA
Renascenca,13.2,-2.5038,-44.2562,423.87,VAZAMENTO,7.72,464.92,3.49,814.38,21.32,1358,561,1.37,4.14,RUIM
Vinhais,13.23,-2.57,-44.2966,590.99,VAZAMENTO,7.5,564.47,4.62,578.59,32.62,928,746,0.49,0.9,RUIM
Vinhais,13.43,-2.57,-44.2966,53.95,ENTUPIMENTO,6.89,452.29,3.05,665.25,26.8,1639,385,1.67,4.62,RUIM
Renascenca,13.63,-2.5038,-44.2562,377.34,VAZAMENTO,7.46,583.4,1.57,827.17,18.99,1306,460,0.59,4.99,RUIM
Vinhais,13.7,-2.57,-44.2966,55.77,ENTUPIMENTO,7.97,526.15,1.93,546.24,29.13,1484,332,1.84,2.29,RUIM
Renascenca,13.9,-2.5038,-44.2562,381.53,VAZAMENTO,7.56,379.76,3.16,904.25,20.5,1453,205,1.71,1.28,RUIM
Renascenca,14.07,-2.5038,-44.2562,437.06,VAZAMENTO,7.93,309.73,2.48,541.94,18.4,2475,516,1.17,3.49,RUIM
Renascenca,14.1,-2.5038,-44.2562,37.79,ENTUPIMENTO,6.87,486.11,1.26,83.88,31.03,514,602,0.18,0.64,RUIM
Vinhais,14.2,-2.57,-44.2966,579.14,VAZAMENTO,7.67,303.11,3.45,783.02,19.66,1413,365,0.87,1.49,MODERADA
Vinhais,14.33,-2.57,-44.2966,613.62,VAZAMENTO,7.08,242.84,2.0,885.81,24.72,1082,500,1.67,1.1,RUIM
Renascenca,14.37,-2.5038,-44.2562,34.16,ENTUPIMENTO,8.2,395.55,3.77,329.61,24.55,1588,329,0.91,4.21,RUIM
Vinhais,14.43,-2.57,-44.2966,603.37,VAZAMENTO,7.12,513.29,4.54,470.07,18.96,1519,464,1.32,4.73,RUIM
Vinhais,14.77,-2.57,-44.2966,612.42,VAZAMENTO,8.33,495.4,1.42,776.88,18.32,2410,174,1.86,1.42,RUIM
Renascenca,14.9,-2.5038,-44.2562,38.14,ENTUPIMENTO,8.04,554.74,2.31,554.93,24.93,2292,447,1.1,1.72,RUIM
Vinhais,14.93,-2.57,-44.2966,51.77,ENTUPIMENTO,7.08,410.31,1.04,399.52,31.99,1055,544,0.84,2.29,RUIM
Vinhais,15.07,-2.57,-44.2966,562.64,VAZAMENTO,8.23,524.61,4.89,629.2,30.8,2256,917,1.63,3.68,RUIM
Vinhais,15.17,-2.57,-44.2966,633.67,VAZAMENTO,6.61,262.62,3.18,383.88,31.75,1580,145,1.58,1.09,RUIM
Renascenca,15.63,-2.5038,-44.2562,361.8,VAZAMENTO,8.36,571.8,1.33,702.69,20.54,606,244,1.13,1.94,RUIM
Vinhais,16.1,-2.57,-44.2966,574.76,VAZAMENTO,7.16,477.63,3.27,830.26,19.87,2483,608,0.82,3.34,RUIM
Vinhais,16.13,-2.57,-44.2966,54.71,ENTUPIMENTO,7.64,465.33,4.67,70.09,28.1,2498,543,0.82,1.24,RUIM
Renascenca,16.4,-2.5038,-44.2562,404.75,VAZAMENTO,7.47,545.88,4.35,534.02,29.52,622,841,0.9,2.65,RUIM
Renascenca,16.6,-2.5038,-44.2562,34.51,ENTUPIMENTO,8.22,230.81,1.87,693.47,18.71,2434,893,0.98,1.87,RUIM
Vinhais,16.6,-2.57,-44.2966,600.22,VAZAMENTO,8.25,497.97,4.48,660.85,21.84,1326,228,1.0,0.67,MODERADA
Renascenca,16.77,-2.5038,-44.2562,366.01,VAZAMENTO,8.24,394.63,4.68,141.07,28.92,1805,593,0.48,2.36,MODERADA
Renascenca,17.13,-2.5038,-44.2562,32.69,ENTUPIMENTO,6.97,463.27,2.97,751.8,27.89,2446,1071,0.07,2.43,RUIM
Renascenca,17.27,-2.5038,-44.2562,36.13,ENTUPIMENTO,7.41,558.3,2.78,637.4,20.4,1941,1092,0.28,2.54,RUIM
Vinhais,17.53,-2.57,-44.2966,619.63,VAZAMENTO,6.64,316.35,2.33,348.25,30.71,1218,100,1.03,0.85,MODERADA
Vinhais,17.63,-2.57,-44.2966,57.03,ENTUPIMENTO,8.11,477.17,1.05,909.03,28.4,1089,959,1.63,2.61,RUIM
Renascenca,17.77,-2.5038,-44.2562,388.17,VAZAMENTO,6.67,290.7,4.64,580.96,24.81,2248,255,1.31,3.64,RUIM
Vinhais,17.87,-2.57,-44.2966,568.76,VAZAMENTO,7.58,451.96,3.18,594.11,26.29,520,981,1.92,1.65,RUIM
Renascenca,17.93,-2.5038,-44.2562,33.7,ENTUPIMENTO,7.58,591.52,2.05,715.66,20.08,715,390,1.72,4.48,RUIM
Vinhais,17.97,-2.57,-44.2966,55.29,ENTUPIMENTO,8.03,386.63,2.68,116.85,30.11,1054,862,0.14,0.82,MODERADA
Vinhais,18.6,-2.57,-44.2966,51.7,ENTUPIMENTO,6.98,349.16,1.46,389.98,24.64,1020,928,1.43,1.9,RUIM
Renascenca,18.73,-2.5038,-44.2562,39.05,ENTUPIMENTO,8.3,352.63,4.77,931.93,26.52,1483,964,1.23,4.73,RUIM
Renascenca,0.03,-2.5038,-44.2562,439.8,VAZAMENTO,7.64,437.95,3.14,115.4,27.39,720,938,1.17,1.09,MODERADA
Renascenca,0.6,-2.5038,-44.2562,424.63,VAZAMENTO,6.91,346.22,2.07,97.87,26.12,1204,343,1.56,4.98,RUIM
Vinhais,0.93,-2.57,-44.2966,53.6,ENTUPIMENTO,8.49,221.2,1.84,912.97,32.64,574,485,0.07,4.6,RUIM
Vinhais,1.03,-2.57,-44.2966,51.67,ENTUPIMENTO,8.09,235.2,4.9,607.75,19.65,2033,145,1.48,4.61,RUIM
Renascenca,1.47,-2.5038,-44.2562,34.93,ENTUPIMENTO,7.4,321.72,2.62,437.44,25.54,1021,1084,1.73,3.55,RUIM
Renascenca,1.83,-2.5038,-44.2562,419.92,VAZAMENTO,8.42,340.93,2.63,791.13,21.0,1296,257,1.95,4.56,RUIM
Renascenca,1.93,-2.5038,-44.2562,411.91,VAZAMENTO,7.41,577.95,3.71,114.02,29.26,828,892,1.78,0.99,RUIM
Renascenca,2.1,-2.5038,-44.2562,442.04,VAZAMENTO,8.27,483.19,2.38,212.03,24.6,1639,601,1.83,3.21,RUIM
Vinhais,2.17,-2.57,-44.2966,51.48,ENTUPIMENTO,6.55,470.3,4.18,724.5,19.39,2110,112,0.96,3.48,RUIM
Renascenca,2.4,-2.5038,-44.2562,399.65,VAZAMENTO,7.25,515.98,1.28,572.61,22.63,859,908,1.07,3.17,RUIM
Vinhais,2.4,-2.57,-44.2966,55.62,ENTUPIMENTO,7.37,551.52,1.61,560.15,26.56,1402,446,1.64,2.27,RUIM
Renascenca,3.2,-2.5038,-44.2562,35.87,ENTUPIMENTO,8.33,333.6,3.32,893.95,27.16,937,1068,1.46,1.09,RUIM
Renascenca,3.53,-2.5038,-44.2562,34.49,ENTUPIMENTO,7.11,262.1,2.01,693.84,18.48,618,740,1.65,1.84,RUIM
Renascenca,3.83,-2.5038,-44.2562,363.12,VAZAMENTO,7.1,362.81,4.43,644.96,30.89,1654,891,0.31,2.27,MODERADA
Renascenca,3.93,-2.5038,-44.2562,424.77,VAZAMENTO,6.56,569.69,4.18,695.02,24.61,1363,207,0.33,3.04,RUIM
Renascenca,3.97,-2.5038,-44.2562,34.41,ENTUPIMENTO,6.78,202.95,1.98,171.95,20.51,2381,667,1.34,3.28,RUIM
Renascenca,4.67,-2.5038,-44.2562,371.09,VAZAMENTO,7.72,347.0,2.0,557.17,32.52,2339,431,0.01,3.89,RUIM
Renascenca,4.73,-2.5038,-44.2562,37.28,ENTUPIMENTO,6.8,365.34,1.54,475.25,19.36,2181,563,0.36,4.13,RUIM
Renascenca,4.9,-2.5038,-44.2562,392.32,VAZAMENTO,6.91,545.64,1.36,367.56,27.22,1163,599,1.86,1.99,RUIM
Vinhais,4.97,-2.57,-44.2966,55.62,ENTUPIMENTO,7.45,266.08,2.1,173.05,27.53,2182,334,0.19,4.85,RUIM
Renascenca,5.07,-2.5038,-44.2562,38.65,ENTUPIMENTO,7.12,267.41,2.62,303.33,32.3,2222,795,0.73,4.1,RUIM
Vinhais,5.33,-2.57,-44.2966,558.96,VAZAMENTO,6.97,330.87,4.0,870.1,20.96,2483,999,0.93,2.05,RUIM
Renascenca,5.47,-2.5038,-44.2562,374.12,VAZAMENTO,8.4,534.03,2.14,986.8,31.68,972,628,1.18,3.45,RUIM
Renascenca,5.53,-2.5038,-44.2562,38.56,ENTUPIMENTO,7.8,398.96,1.44,569.71,29.24,2085,712,1.25,2.01,RUIM
Renascenca,5.57,-2.5038,-44.2562,386.65,VAZAMENTO,6.96,223.6,1.47,805.89,29.71,1592,652,1.84,4.81,RUIM
Renascenca,5.87,-2.5038,-44.2562,33.44,ENTUPIMENTO,7.92,327.14,3.14,891.17,23.35,1760,879,1.85,1.08,RUIM
Vinhais,6.37,-2.57,-44.2966,50.02,ENTUPIMENTO,7.91,397.71,4.62,174.85,29.23,887,457,0.58,1.83,BOA
Renascenca,6.67,-2.5038,-44.2562,33.21,ENTUPIMENTO,7.67,209.37,2.03,309.17,30.9,2257,739,0.15,0.55,RUIM
Renascenca,6.73,-2.5038,-44.2562,363.17,VAZAMENTO,6.95,545.51,3.52,556.25,25.76,1331,477,1.51,1.11,RUIM
Renascenca,6.83,-2.5038,-44.2562,38.17,ENTUPIMENTO,8.41,374.56,3.81,440.85,20.37,526,150,0.95,4.68,RUIM
Renascenca,7.2,-2.5038,-44.2562,420.5,VAZAMENTO,7.63,405.64,2.07,732.95,31.99,761,422,1.28,3.66,MODERADA
Vinhais,7.23,-2.57,-44.2966,635.12,VAZAMENTO,8.44,456.5,2.93,949.14,32.21,1074,1061,1.31,3.82,RUIM
Vinhais,7.3,-2.57,-44.2966,558.73,VAZAMENTO,7.74,237.26,4.21,210.66,19.72,1248,163,1.09,5.0,RUIM
Renascenca,7.57,-2.5038,-44.2562,435.46,VAZAMENTO,6.84,309.67,1.75,549.38,22.72,1289,762,1.54,2.43,RUIM
Vinhais,7.93,-2.57,-44.2966,53.45,ENTUPIMENTO,8.32,592.65,1.88,318.3,29.24,1220,924,0.44,2.09,RUIM
Renascenca,8.0,-2.5038,-44.2562,36.63,ENTUPIMENTO,7.78,596.09,2.28,386.78,28.89,2461,191,1.71,2.94,RUIM
Vinhais,8.07,-2.57,-44.2966,604.78,VAZAMENTO,7.53,330.54,1.51,574.7,29.89,1300,356,1.17,1.33,RUIM
Renascenca,8.1,-2.5038,-44.2562,32.53,ENTUPIMENTO,7.06,273.19,3.18,820.05,20.62,2039,451,0.94,1.19,RUIM
Renascenca,8.13,-2.5038,-44.2562,33.22,ENTUPIMENTO,7.56,523.44,4.09,287.96,21.23,836,367,0.65,3.4,RUIM
Vinhais,8.13,-2.57,-44.2966,610.19,VAZAMENTO,8.19,456.24,3.65,449.21,24.51,2100,298,1.03,2.15,RUIM
Vinhais,8.6,-2.57,-44.2966,591.51,VAZAMENTO,7.17,497.0,1.99,713.49,27.89,1201,1068,1.22,1.81,RUIM
Vinhais,9.2,-2.57,-44.2966,56.78,ENTUPIMENTO,7.5,376.49,3.97,130.07,24.15,1659,826,0.17,1.35,MODERADA
Renascenca,9.43,-2.5038,-44.2562,427.13,VAZAMENTO,7.28,310.81,3.7,339.9,29.46,1741,256,1.0,4.73,RUIM
Vinhais,9.57,-2.57,-44.2966,628.44,VAZAMENTO,6.68,479.39,2.41,605.4,21.71,509,944,0.76,3.58,MODERADA
Vinhais,9.93,-2.57,-44.2966,51.28,ENTUPIMENTO,8.38,487.24,2.39,602.55,29.78,1071,290,0.69,1.19,MODERADA
Vinhais,10.4,-2.57,-44.2966,51.81,ENTUPIMENTO,7.09,382.87,4.97,552.01,25.4,515,518,0.26,0.81,MODERADA
Renascenca,10.43,-2.5038,-44.2562,412.32,VAZAMENTO,6.9,204.82,4.14,323.1,20.35,568,823,0.5,4.19,RUIM
Vinhais,10.5,-2.57,-44.2966,636.33,VAZAMENTO,8.15,532.14,2.26,149.76,21.81,805,715,0.9,3.58,RUIM
Vinhais,11.1,-2.57,-44.2966,632.68,VAZAMENTO,7.16,311.14,1.06,735.92,28.8,1716,528,1.88,4.24,RUIM
Renascenca,11.13,-2.5038,-44.2562,426.4,VAZAMENTO,8.26,421.58,3.48,459.94,21.77,2398,106,0.92,3.78,RUIM
Vinhais,11.3,-2.57,-44.2966,56.49,ENTUPIMENTO,7.71,474.61,3.17,173.03,32.14,1538,657,1.82,1.03,RUIM
Renascenca,11.43,-2.5038,-44.2562,38.91,ENTUPIMENTO,6.95,211.12,3.27,352.18,20.96,618,476,1.29,4.81,RUIM
Vinhais,11.43,-2.57,-44.2966,51.14,ENTUPIMENTO,6.52,494.76,3.17,331.59,23.13,2292,630,0.82,4.92,RUIM
Renascenca,11.6,-2.5038,-44.2562,35.72,ENTUPIMENTO,8.08,498.97,3.44,51.8,22.46,2138,637,0.15,2.35,RUIM
Vinhais,11.6,-2.57,-44.2966,53.25,ENTUPIMENTO,6.65,516.13,3.69,732.86,25.75,609,799,1.45,2.89,RUIM
Vinhais,11.63,-2.57,-44.2966,56.19,ENTUPIMENTO,6.96,565.48,1.49,920.6,22.5,1976,639,0.85,1.28,RUIM
Renascenca,12.23,-2.5038,-44.2562,34.47,ENTUPIMENTO,6.71,563.32,3.95,600.29,19.22,1166,889,1.69,2.44,RUIM
Vinhais,12.23,-2.57,-44.2966,596.61,VAZAMENTO,7.42,415.68,3.93,705.64,23.4,2493,934,0.77,1.79,RUIM
Vinhais,12.8,-2.57,-44.2966,52.65,ENTUPIMENTO,8.25,473.8,1.85,978.02,28.87,1272,494,0.79,0.51,RUIM
Renascenca,12.87,-2.5038,-44.2562,33.5,ENTUPIMENTO,7.41,381.64,3.2,343.93,25.16,1053,248,1.42,3.77,MODERADA
Renascenca,13.03,-2.5038,-44.2562,33.32,ENTUPIMENTO,6.81,518.77,1.06,343.85,29.29,857,354,1.39,0.73,RUIM
Vinhais,13.03,-2.57,-44.2966,587.81,VAZAMENTO,7.34,325.98,1.79,157.31,22.54,1338,448,0.94,4.49,RUIM
Renascenca,13.1,-2.5038,-44.2562,33.21,ENTUPIMENTO,7.34,439.96,2.52,987.98,24.19,2481,436,1.51,2.2,RUIM
Vinhais,13.87,-2.57,-44.2966,50.29,ENTUPIMENTO,8.32,570.3,4.4,763.12,27.52,1914,160,0.5,4.23,RUIM
Renascenca,13.9,-2.5038,-44.2562,38.32,ENTUPIMENTO,8.44,338.31,4.0,891.51,21.21,1563,903,0.35,4.99,RUIM
Renascenca,14.0,-2.5038,-44.2562,409.92,VAZAMENTO,7.98,511.05,3.61,992.13,21.29,1553,693,1.51,2.82,RUIM
Renascenca,14.4,-2.5038,-44.2562,37.73,ENTUPIMENTO,6.88,596.36,3.8,352.01,23.91,2387,363,0.12,0.63,RUIM
Renascenca,15.17,-2.5038,-44.2562,359.85,VAZAMENTO,7.02,399.63,3.12,913.0,25.02,1415,493,0.84,1.64,RUIM
Renascenca,15.2,-2.5038,-44.2562,387.27,VAZAMENTO,8.02,301.18,2.51,150.38,24.23,975,488,0.46,3.9,MODERADA
Renascenca,15.3,-2.5038,-44.2562,35.51,ENTUPIMENTO,8.48,364.27,4.09,565.49,21.74,1633,106,1.85,4.94,RUIM
Renascenca,16.0,-2.5038,-44.2562,443.59,VAZAMENTO,7.17,464.44,1.83,121.23,23.01,2010,849,0.67,1.44,RUIM
Vinhais,16.0,-2.57,-44.2966,55.33,ENTUPIMENTO,7.98,396.37,4.97,138.95,19.76,1567,739,1.58,4.67,RUIM
Vinhais,16.07,-2.57,-44.2966,53.95,ENTUPIMENTO,7.41,435.96,4.68,90.9,28.39,700,810,0.28,2.1,MODERADA
Renascenca,16.2,-2.5038,-44.2562,383.88,VAZAMENTO,6.8,461.85,3.65,90.29,20.08,1613,501,1.18,4.07,RUIM
Vinhais,16.87,-2.57,-44.2966,563.67,VAZAMENTO,7.68,357.1,4.13,292.45,23.12,1630,405,0.89,2.68,MODERADA
Renascenca,17.2,-2.5038,-44.2562,32.88,ENTUPIMENTO,7.4,413.59,4.75,491.54,30.83,1083,196,1.14,0.57,MODERADA
Renascenca,17.37,-2.5038,-44.2562,395.38,VAZAMENTO,7.61,446.76,2.64,643.42,28.21,1593,397,0.41,4.62,RUIM
Renascenca,17.5,-2.5038,-44.2562,418.14,VAZAMENTO,7.96,338.32,2.77,496.09,25.06,545,796,0.75,1.45,MODERADA
Renascenca,17.67,-2.5038,-44.2562,388.25,VAZAMENTO,7.68,240.38,4.65,208.05,21.89,614,363,0.49,0.51,BOA
Renascenca,17.7,-2.5038,-44.2562,35.02,ENTUPIMENTO,7.59,202.79,4.91,542.51,23.61,1847,256,1.09,0.88,MODERADA
Renascenca,17.73,-2.5038,-44.2562,365.72,VAZAMENTO,6.77,241.75,4.13,657.67,31.14,1486,171,1.13,1.16,MODERADA
Vinhais,17.73,-2.57,-44.2966,50.74,ENTUPIMENTO,7.2,202.35,1.59,767.91,28.29,2373,378,0.58,3.37,RUIM
Renascenca,17.83,-2.5038,-44.2562,33.84,ENTUPIMENTO,6.85,557.8,2.2,73.74,29.29,1923,1042,1.14,1.63,RUIM
Bequimao,0.23,-2.5589,-44.2484,58.27,ENTUPIMENTO,7.97,250.73,2.84,86.75,23.34,639,791,1.78,2.01,RUIM
Turu,0.97,-2.5379,-44.2474,42.45,ENTUPIMENTO,8.07,253.17,1.58,162.68,18.77,1552,577,0.31,4.64,RUIM
Bequimao,1.03,-2.5589,-44.2484,55.32,ENTUPIMENTO,6.53,303.24,3.89,731.4,22.63,809,483,0.17,2.55,MODERADA
Turu,1.27,-2.5379,-44.2474,43.5,ENTUPIMENTO,7.97,312.6,1.44,275.33,32.51,1804,1076,1.01,4.67,RUIM
Turu,1.3,-2.5379,-44.2474,38.16,ENTUPIMENTO,7.72,226.28,2.45,630.41,19.28,874,313,0.9,2.35,MODERADA
Turu,1.4,-2.5379,-44.2474,39.74,ENTUPIMENTO,6.56,202.26,1.8,603.3,18.09,1429,788,1.09,1.98,RUIM
Turu,1.47,-2.5379,-44.2474,36.79,ENTUPIMENTO,6.59,486.19,4.91,614.06,30.33,1829,326,1.83,1.33,RUIM
Bequimao,1.7,-2.5589,-44.2484,56.9,ENTUPIMENTO,7.46,496.18,4.51,679.08,18.35,2067,130,0.3,1.55,RUIM
Turu,2.03,-2.5379,-44.2474,417.12,VAZAMENTO,6.55,418.47,2.94,326.06,30.43,851,168,0.24,1.19,MODERADA
Turu,2.07,-2.5379,-44.2474,421.17,VAZAMENTO,7.92,584.78,1.42,447.56,24.27,1851,621,0.44,0.58,RUIM
Turu,2.1,-2.5379,-44.2474,452.54,VAZAMENTO,8.13,341.82,2.48,411.35,27.11,2495,837,0.03,3.95,RUIM
Bequimao,2.27,-2.5589,-44.2484,605.69,VAZAMENTO,6.94,305.78,3.9,270.46,28.9,2244,600,0.59,3.41,RUIM
Bequimao,2.47,-2.5589,-44.2484,55.42,ENTUPIMENTO,7.69,582.44,2.69,661.45,19.04,1518,189,1.95,3.72,RUIM
Turu,2.77,-2.5379,-44.2474,432.11,VAZAMENTO,8.11,288.45,4.33,547.74,25.38,2182,377,0.4,1.68,RUIM
Bequimao,2.9,-2.5589,-44.2484,58.21,ENTUPIMENTO,7.25,388.29,1.12,179.24,18.7,1112,269,0.87,1.31,RUIM
Bequimao,3.73,-2.5589,-44.2484,54.88,ENTUPIMENTO,6.69,221.9,4.28,657.93,27.95,1064,724,1.87,1.06,RUIM
Bequimao,3.87,-2.5589,-44.2484,54.18,ENTUPIMENTO,6.57,406.74,3.65,522.13,23.95,542,229,0.02,2.85,MODERADA
Bequimao,3.93,-2.5589,-44.2484,57.69,ENTUPIMENTO,7.3,542.68,4.56,384.31,30.0,1358,321,0.69,1.8,RUIM
Turu,4.13,-2.5379,-44.2474,37.84,ENTUPIMENTO,7.79,293.17,3.96,77.25,27.96,2400,307,0.48,0.65,RUIM
Turu,4.23,-2.5379,-44.2474,42.89,ENTUPIMENTO,7.46,583.11,1.29,372.74,20.35,728,357,1.05,2.6,RUIM
Turu,4.27,-2.5379,-44.2474,487.81,VAZAMENTO,7.15,322.91,4.83,947.2,29.8,1482,426,0.06,2.58,RUIM
Bequimao,4.5,-2.5589,-44.2484,58.79,ENTUPIMENTO,8.05,362.51,3.09,219.57,18.59,917,248,0.27,3.92,MODERADA
Bequimao,4.8,-2.5589,-44.2484,55.26,ENTUPIMENTO,7.39,358.7,2.49,703.68,20.01,1950,312,1.05,0.74,MODERADA
Turu,5.23,-2.5379,-44.2474,475.82,VAZAMENTO,7.88,345.63,2.27,935.07,26.68,981,865,1.35,3.88,RUIM
Turu,5.6,-2.5379,-44.2474,38.8,ENTUPIMENTO,6.94,402.79,4.6,105.36,26.73,829,526,1.71,2.57,RUIM
Turu,5.73,-2.5379,-44.2474,418.57,VAZAMENTO,7.64,320.33,4.74,850.21,27.85,1805,346,0.38,4.0,RUIM
Bequimao,6.4,-2.5589,-44.2484,58.78,ENTUPIMENTO,8.2,510.28,4.68,825.26,18.66,2328,677,0.83,2.44,RUIM
Turu,6.6,-2.5379,-44.2474,43.33,ENTUPIMENTO,8.45,553.57,2.47,773.76,30.79,957,627,0.12,2.78,RUIM
Turu,7.03,-2.5379,-44.2474,454.52,VAZAMENTO,6.67,425.03,1.08,81.71,29.85,1081,903,1.51,2.0,RUIM
Bequimao,7.1,-2.5589,-44.2484,60.65,ENTUPIMENTO,8.35,325.31,1.07,997.87,19.64,1172,172,1.42,4.36,RUIM
Turu,7.2,-2.5379,-44.2474,43.22,ENTUPIMENTO,7.7,421.1,1.42,380.18,32.52,947,553,0.83,2.29,RUIM
Bequimao,7.2,-2.5589,-44.2484,61.37,ENTUPIMENTO,6.89,485.96,2.49,723.75,28.62,1847,756,0.95,2.29,MODERADA
Bequimao,7.23,-2.5589,-44.2484,639.1,VAZAMENTO,7.43,557.56,4.7,146.44,30.31,2063,154,0.44,4.74,RUIM
Turu,7.37,-2.5379,-44.2474,41.64,ENTUPIMENTO,6.82,576.62,4.79,571.17,28.86,1592,969,1.04,3.98,RUIM
Turu,7.43,-2.5379,-44.2474,489.07,VAZAMENTO,6.86,313.87,3.04,567.17,22.65,1578,856,0.27,3.24,MODERADA
Bequimao,7.9,-2.5589,-44.2484,642.12,VAZAMENTO,7.63,519.23,4.76,353.0,20.06,872,171,1.83,1.86,RUIM
Turu,7.97,-2.5379,-44.2474,38.45,ENTUPIMENTO,7.09,220.95,4.0,433.91,25.25,633,821,0.97,1.42,BOA
Bequimao,8.47,-2.5589,-44.2484,55.53,ENTUPIMENTO,7.11,564.11,3.96,150.32,18.18,2416,1032,0.9,1.84,RUIM
Turu,8.53,-2.5379,-44.2474,40.44,ENTUPIMENTO,7.93,568.7,2.08,514.72,21.43,2441,946,0.54,3.55,RUIM
Turu,8.87,-2.5379,-44.2474,41.6,ENTUPIMENTO,7.74,300.0,3.1,50.84,26.69,2451,304,1.2,4.24,RUIM
Bequimao,9.0,-2.5589,-44.2484,59.52,ENTUPIMENTO,7.71,483.94,4.08,995.12,26.26,1177,1006,0.69,4.57,RUIM
Turu,9.03,-2.5379,-44.2474,439.53,VAZAMENTO,7.13,371.33,1.1,845.3,18.81,833,528,0.39,2.33,RUIM
Bequimao,9.17,-2.5589,-44.2484,56.66,ENTUPIMENTO,8.23,475.79,1.62,652.64,22.66,2438,989,1.78,3.16,RUIM
Turu,9.27,-2.5379,-44.2474,43.3,ENTUPIMENTO,6.56,440.09,2.9,211.8,20.35,2209,881,0.56,1.45,RUIM
Bequimao,9.5,-2.5589,-44.2484,59.44,ENTUPIMENTO,7.45,436.44,2.23,525.1,25.34,2467,355,1.98,3.96,RUIM
Turu,9.8,-2.5379,-44.2474,40.76,ENTUPIMENTO,7.33,379.13,2.4,725.5,22.45,2294,199,0.13,3.13,RUIM
Bequimao,9.97,-2.5589,-44.2484,55.92,ENTUPIMENTO,8.17,371.48,1.86,649.05,26.87,2072,921,1.47,3.33,RUIM
Turu,10.03,-2.5379,-44.2474,428.83,VAZAMENTO,7.34,235.71,1.11,776.69,19.64,562,490,1.96,3.97,RUIM
Bequimao,10.4,-2.5589,-44.2484,58.05,ENTUPIMENTO,7.49,461.87,3.39,871.23,18.45,1476,294,0.87,0.84,RUIM
Turu,12.17,-2.5379,-44.2474,36.68,ENTUPIMENTO,8.06,591.22,2.95,569.81,28.7,1807,183,1.78,4.2,RUIM
Bequimao,12.17,-2.5589,-44.2484,54.39,ENTUPIMENTO,7.2,589.87,4.51,616.48,22.87,1689,430,1.9,1.07,RUIM
Bequimao,12.23,-2.5589,-44.2484,55.2,ENTUPIMENTO,7.62,459.05,1.78,95.29,32.01,789,331,0.73,0.74,RUIM
Bequimao,12.73,-2.5589,-44.2484,56.75,ENTUPIMENTO,6.94,399.47,1.97,452.33,30.46,1290,997,0.17,4.15,RUIM
Bequimao,13.23,-2.5589,-44.2484,56.21,ENTUPIMENTO,6.9,497.8,2.58,326.3,27.49,1691,595,0.82,1.52,MODERADA
Bequimao,13.6,-2.5589,-44.2484,60.48,ENTUPIMENTO,8.18,317.53,3.09,96.15,18.37,1382,986,1.43,4.05,RUIM
Turu,13.67,-2.5379,-44.2474,415.18,VAZAMENTO,7.57,456.15,3.16,693.25,27.05,1770,545,1.81,0.74,RUIM
Turu,13.97,-2.5379,-44.2474,38.85,ENTUPIMENTO,8.41,383.48,4.28,643.62,29.11,583,571,1.82,2.52,RUIM
Turu,14.1,-2.5379,-44.2474,38.39,ENTUPIMENTO,6.77,546.31,1.7,844.18,22.89,946,276,1.31,4.99,RUIM
Turu,14.23,-2.5379,-44.2474,432.63,VAZAMENTO,7.2,518.99,2.8,495.56,19.0,1926,111,1.74,2.51,RUIM
Bequimao,14.33,-2.5589,-44.2484,606.28,VAZAMENTO,7.45,400.19,2.4,841.09,23.34,2484,594,0.4,4.25,RUIM
Bequimao,14.37,-2.5589,-44.2484,55.94,ENTUPIMENTO,8.0,457.27,3.02,949.95,22.32,949,890,0.5,1.31,RUIM
Turu,14.43,-2.5379,-44.2474,43.77,ENTUPIMENTO,8.11,501.17,4.13,286.11,27.35,1028,429,0.0,2.26,RUIM
Turu,14.73,-2.5379,-44.2474,42.9,ENTUPIMENTO,6.5,572.7,1.43,433.84,25.61,1166,513,1.35,0.62,RUIM
Turu,14.97,-2.5379,-44.2474,43.55,ENTUPIMENTO,7.39,575.95,3.43,499.6,21.88,1527,1010,1.16,2.51,RUIM
Turu,15.23,-2.5379,-44.2474,37.28,ENTUPIMENTO,8.46,338.17,4.44,335.5,19.51,1993,111,0.08,2.13,MODERADA
Bequimao,15.27,-2.5589,-44.2484,684.91,VAZAMENTO,6.63,517.0,2.04,817.55,21.45,1053,530,0.95,2.65,RUIM
Turu,15.37,-2.5379,-44.2474,39.65,ENTUPIMENTO,8.49,514.32,4.3,86.49,28.36,2177,369,0.06,0.61,RUIM
Bequimao,15.57,-2.5589,-44.2484,56.37,ENTUPIMENTO,7.13,205.74,4.59,147.49,29.62,1996,772,1.7,4.26,RUIM
Bequimao,15.6,-2.5589,-44.2484,648.24,VAZAMENTO,7.62,233.97,1.69,896.25,23.35,1502,103,1.66,4.53,RUIM
Turu,15.73,-2.5379,-44.2474,42.09,ENTUPIMENTO,8.44,305.16,4.47,465.01,23.67,1651,1032,1.56,2.32,RUIM
Bequimao,15.77,-2.5589,-44.2484,56.62,ENTUPIMENTO,8.23,359.31,4.17,166.25,21.58,2383,216,1.54,2.77,RUIM
Bequimao,15.83,-2.5589,-44.2484,643.15,VAZAMENTO,8.15,283.99,3.66,568.98,18.63,2023,440,0.15,2.13,RUIM
Turu,15.97,-2.5379,-44.2474,39.98,ENTUPIMENTO,6.62,522.16,2.94,981.01,31.56,2276,446,1.75,4.9,RUIM
Turu,16.13,-2.5379,-44.2474,408.93,VAZAMENTO,8.37,599.73,3.2,510.67,24.75,1779,714,1.78,4.56,RUIM
Turu,16.17,-2.5379,-44.2474,40.57,ENTUPIMENTO,7.56,244.52,2.18,740.64,22.41,2041,205,1.24,3.15,RUIM
Turu,16.2,-2.5379,-44.2474,479.58,VAZAMENTO,7.34,214.09,1.15,88.88,18.9,2498,483,0.45,3.28,RUIM
Turu,16.27,-2.5379,-44.2474,38.38,ENTUPIMENTO,6.86,481.12,3.36,961.85,25.03,1041,620,1.48,1.25,RUIM
Turu,16.3,-2.5379,-44.2474,38.01,ENTUPIMENTO,6.95,575.65,1.6,304.05,23.97,1305,682,0.45,2.17,RUIM
Bequimao,16.43,-2.5589,-44.2484,60.03,ENTUPIMENTO,7.17,251.12,1.52,358.62,21.7,1681,367,0.3,3.73,RUIM
Bequimao,16.57,-2.5589,-44.2484,638.12,VAZAMENTO,8.33,551.21,1.5,80.37,22.01,1230,1012,1.15,3.8,RUIM
Turu,17.07,-2.5379,-44.2474,40.56,ENTUPIMENTO,8.38,383.06,1.49,736.22,28.91,1609,937,0.21,4.37,RUIM
Turu,17.3,-2.5379,-44.2474,37.47,ENTUPIMENTO,6.88,498.58,3.9,140.14,29.16,1734,1060,0.88,4.86,RUIM
Turu,17.4,-2.5379,-44.2474,38.35,ENTUPIMENTO,8.11,558.27,4.22,51.02,22.13,2364,435,1.08,1.7,RUIM
Bequimao,17.47,-2.5589,-44.2484,56.99,ENTUPIMENTO,7.95,270.72,3.01,170.01,27.0,698,745,1.56,0.99,RUIM
Turu,17.73,-2.5379,-44.2474,40.09,ENTUPIMENTO,7.02,459.72,2.76,87.41,31.86,1428,773,1.83,2.26,RUIM
Bequimao,17.9,-2.5589,-44.2484,58.1,ENTUPIMENTO,8.31,315.15,1.57,320.12,18.55,2447,351,0.2,0.57,RUIM
Turu,18.0,-2.5379,-44.2474,491.21,VAZAMENTO,6.79,583.39,2.78,636.17,23.53,982,258,1.21,0.61,RUIM
Bequimao,18.03,-2.5589,-44.2484,61.22,ENTUPIMENTO,6.97,322.77,2.16,997.39,28.89,2388,920,1.21,2.86,RUIM
Turu,18.3,-2.5379,-44.2474,38.82,ENTUPIMENTO,7.67,236.41,1.26,440.57,18.1,1939,621,1.6,3.78,RUIM
Bequimao,18.47,-2.5589,-44.2484,56.71,ENTUPIMENTO,6.52,442.92,4.26,290.18,25.48,1690,686,1.41,2.46,MODERADA
Turu,0.2,-2.5379,-44.2474,423.56,VAZAMENTO,7.89,415.17,4.25,596.95,30.26,605,1001,0.78,1.28,MODERADA
Bequimao,0.4,-2.5589,-44.2484,618.75,VAZAMENTO,8.39,322.69,1.49,359.72,29.43,2146,917,0.29,2.45,RUIM
Bequimao,0.83,-2.5589,-44.2484,58.75,ENTUPIMENTO,6.86,524.76,2.91,166.19,20.34,1136,645,1.49,3.05,RUIM
Turu,1.03,-2.5379,-44.2474,474.78,VAZAMENTO,6.78,405.01,2.47,515.96,32.73,1842,715,1.88,1.05,RUIM
Turu,1.17,-2.5379,-44.2474,41.99,ENTUPIMENTO,6.75,565.25,3.67,222.63,27.48,544,567,1.3,2.3,RUIM
Bequimao,1.5,-2.5589,-44.2484,59.65,ENTUPIMENTO,7.04,586.6,4.43,779.64,27.69,1271,127,0.24,1.5,RUIM
Turu,1.63,-2.5379,-44.2474,37.4,ENTUPIMENTO,6.85,325.69,1.71,200.33,30.07,1849,189,0.17,3.12,RUIM
Turu,1.67,-2.5379,-44.2474,454.93,VAZAMENTO,8.01,330.42,3.52,932.05,27.82,761,939,1.75,3.21,RUIM
Bequimao,1.8,-2.5589,-44.2484,60.91,ENTUPIMENTO,7.03,332.22,3.41,854.03,27.23,1325,1077,1.75,0.95,RUIM
Bequimao,2.1,-2.5589,-44.2484,684.94,VAZAMENTO,7.01,250.58,4.78,641.04,29.41,516,1031,1.52,4.93,RUIM
Bequimao,3.13,-2.5589,-44.2484,59.56,ENTUPIMENTO,7.81,347.8,2.09,611.36,23.48,1687,407,0.6,2.84,MODERADA
Turu,3.2,-2.5379,-44.2474,39.64,ENTUPIMENTO,6.68,418.57,1.38,420.77,23.3,1877,852,1.12,1.03,RUIM
Turu,3.23,-2.5379,-44.2474,419.59,VAZAMENTO,6.63,417.59,4.23,240.48,27.41,2228,694,1.83,2.39,RUIM
Turu,3.43,-2.5379,-44.2474,481.26,VAZAMENTO,8.35,512.43,2.92,233.07,26.43,630,164,0.34,2.42,RUIM
Turu,3.47,-2.5379,-44.2474,36.85,ENTUPIMENTO,6.92,568.17,4.26,193.38,21.39,1176,1040,0.87,3.86,RUIM
Bequimao,4.3,-2.5589,-44.2484,60.95,ENTUPIMENTO,8.46,587.14,3.29,705.69,20.2,1935,210,0.73,0.7,RUIM
Bequimao,4.33,-2.5589,-44.2484,684.85,VAZAMENTO,6.88,402.25,2.2,432.7,25.58,1176,808,0.36,0.7,MODERADA
Turu,4.57,-2.5379,-44.2474,42.1,ENTUPIMENTO,8.28,570.83,2.48,757.81,26.58,1492,843,0.5,0.88,RUIM
Turu,4.67,-2.5379,-44.2474,43.72,ENTUPIMENTO,7.82,309.56,3.45,126.58,29.98,1106,826,1.74,2.3,RUIM
Bequimao,4.9,-2.5589,-44.2484,57.9,ENTUPIMENTO,6.53,203.3,3.42,82.7,18.64,892,213,0.13,3.39,MODERADA
Turu,5.03,-2.5379,-44.2474,36.98,ENTUPIMENTO,8.49,478.56,1.08,131.7,27.65,1336,136,1.75,4.95,RUIM
Turu,5.2,-2.5379,-44.2474,37.41,ENTUPIMENTO,7.37,481.43,2.58,158.06,33.0,1631,256,1.72,3.68,RUIM
Turu,5.27,-2.5379,-44.2474,39.18,ENTUPIMENTO,7.86,364.72,2.71,529.5,26.02,1241,731,1.26,1.23,MODERADA
Bequimao,5.5,-2.5589,-44.2484,60.78,ENTUPIMENTO,6.96,566.09,3.28,146.93,25.08,2220,866,1.02,4.2,RUIM
Turu,5.73,-2.5379,-44.2474,43.85,ENTUPIMENTO,6.56,408.78,3.02,252.59,31.0,1016,1016,0.19,0.57,MODERADA
Bequimao,5.77,-2.5589,-44.2484,58.89,ENTUPIMENTO,8.48,578.8,1.81,143.33,28.72,1937,515,1.39,1.8,RUIM
Turu,5.93,-2.5379,-44.2474,416.47,VAZAMENTO,7.89,543.57,4.18,69.67,30.3,1773,612,0.77,4.19,RUIM
Turu,5.97,-2.5379,-44.2474,40.47,ENTUPIMENTO,8.12,562.22,2.9,394.04,21.83,2455,722,0.55,3.34,RUIM
Bequimao,5.97,-2.5589,-44.2484,637.84,VAZAMENTO,8.3,324.47,2.43,624.99,22.93,2219,464,0.56,4.92,RUIM
Bequimao,6.4,-2.5589,-44.2484,607.35,VAZAMENTO,8.24,436.27,1.49,979.36,29.65,2035,654,1.96,2.33,RUIM
Bequimao,6.5,-2.5589,-44.2484,55.01,ENTUPIMENTO,6.92,208.86,2.1,619.85,29.25,1787,315,0.51,4.22,RUIM
Turu,6.67,-2.5379,-44.2474,40.98,ENTUPIMENTO,8.33,388.48,2.11,236.57,24.69,1166,804,1.68,2.55,RUIM
Turu,7.03,-2.5379,-44.2474,38.55,ENTUPIMENTO,7.03,559.79,3.28,646.97,27.1,916,377,1.68,3.36,RUIM
Bequimao,7.37,-2.5589,-44.2484,54.25,ENTUPIMENTO,7.21,458.38,3.6,371.63,32.46,1608,904,1.74,4.27,RUIM
Bequimao,7.93,-2.5589,-44.2484,61.06,ENTUPIMENTO,8.18,320.7,1.43,875.54,32.44,1558,768,0.17,2.09,RUIM
Turu,8.27,-2.5379,-44.2474,467.57,VAZAMENTO,6.97,357.61,3.81,332.75,27.83,1218,857,1.7,3.69,RUIM
Bequimao,8.47,-2.5589,-44.2484,59.39,ENTUPIMENTO,7.01,455.87,2.94,272.02,19.36,2360,1085,0.72,2.57,RUIM
Turu,8.8,-2.5379,-44.2474,463.04,VAZAMENTO,7.24,245.57,2.53,481.92,26.25,2179,630,0.58,2.11,RUIM
Bequimao,9.13,-2.5589,-44.2484,653.47,VAZAMENTO,7.57,459.52,2.52,246.07,22.01,1556,878,1.82,2.36,RUIM
Bequimao,9.67,-2.5589,-44.2484,653.81,VAZAMENTO,8.22,452.37,1.04,882.76,20.02,1442,922,1.19,2.7,RUIM
Bequimao,9.7,-2.5589,-44.2484,669.21,VAZAMENTO,7.15,443.78,3.75,276.62,23.47,1466,436,1.77,2.46,RUIM
Turu,9.97,-2.5379,-44.2474,42.8,ENTUPIMENTO,7.16,304.18,2.63,710.82,28.38,2115,690,0.59,2.87,RUIM
Turu,10.07,-2.5379,-44.2474,37.33,ENTUPIMENTO,7.98,510.14,3.13,973.9,32.19,992,465,1.83,3.66,RUIM
Turu,10.17,-2.5379,-44.2474,41.94,ENTUPIMENTO,7.6,422.2,3.89,698.39,29.44,1168,1062,0.8,2.98,MODERADA
Turu,10.67,-2.5379,-44.2474,36.91,ENTUPIMENTO,7.86,582.11,3.21,568.75,29.55,726,596,0.53,2.47,RUIM
Bequimao,11.03,-2.5589,-44.2484,58.76,ENTUPIMENTO,8.3,299.48,1.74,360.99,24.02,1533,750,0.6,1.06,RUIM
Turu,11.27,-2.5379,-44.2474,42.57,ENTUPIMENTO,6.96,493.81,4.61,237.54,19.87,1644,462,0.64,1.84,MODERADA
Bequimao,11.33,-2.5589,-44.2484,633.36,VAZAMENTO,7.09,316.8,2.8,483.75,26.06,658,284,0.11,4.74,RUIM
Turu,11.43,-2.5379,-44.2474,39.34,ENTUPIMENTO,7.17,348.72,1.8,113.5,30.98,1422,856,1.77,3.46,RUIM
Bequimao,11.73,-2.5589,-44.2484,59.79,ENTUPIMENTO,6.56,201.21,1.92,336.03,21.55,1410,891,0.9,4.17,RUIM
Bequimao,11.87,-2.5589,-44.2484,669.65,VAZAMENTO,8.17,525.36,2.62,452.94,31.67,2183,140,1.66,4.02,RUIM
Bequimao,12.0,-2.5589,-44.2484,61.33,ENTUPIMENTO,7.74,293.13,2.92,473.16,26.38,1648,514,1.3,2.95,MODERADA
Turu,12.1,-2.5379,-44.2474,39.31,ENTUPIMENTO,7.28,342.82,4.92,119.39,28.94,719,762,1.17,1.67,MODERADA
Bequimao,12.2,-2.5589,-44.2484,653.85,VAZAMENTO,7.52,426.92,4.0,71.8,26.89,2493,1052,0.67,4.87,RUIM
Turu,12.63,-2.5379,-44.2474,418.41,VAZAMENTO,7.48,234.7,4.92,487.02,23.14,1090,328,0.09,2.26,MODERADA
Bequimao,13.27,-2.5589,-44.2484,55.67,ENTUPIMENTO,8.1,554.74,2.41,461.78,20.57,891,1043,0.22,3.92,RUIM
Turu,13.63,-2.5379,-44.2474,436.88,VAZAMENTO,7.42,259.28,2.88,675.29,22.43,905,125,1.56,4.77,RUIM
Turu,14.33,-2.5379,-44.2474,40.63,ENTUPIMENTO,7.99,585.09,2.52,741.15,31.13,2394,808,1.27,1.32,RUIM
Bequimao,14.33,-2.5589,-44.2484,638.68,VAZAMENTO,7.62,317.74,2.74,878.88,31.56,973,657,1.25,4.19,RUIM
Bequimao,14.47,-2.5589,-44.2484,638.03,VAZAMENTO,8.17,590.04,1.27,513.41,28.37,1933,763,1.99,3.06,RUIM
Turu,14.63,-2.5379,-44.2474,485.75,VAZAMENTO,6.75,362.26,4.72,912.71,18.27,2203,899,0.25,2.66,RUIM
Turu,15.17,-2.5379,-44.2474,43.82,ENTUPIMENTO,7.85,553.3,4.75,510.91,24.08,2447,364,1.28,2.8,RUIM
Turu,15.3,-2.5379,-44.2474,417.05,VAZAMENTO,6.76,509.13,4.36,393.36,28.49,506,931,0.39,1.48,RUIM
Bequimao,15.5,-2.5589,-44.2484,59.28,ENTUPIMENTO,7.45,420.22,1.38,559.71,27.2,2354,874,1.51,2.14,RUIM
Turu,15.53,-2.5379,-44.2474,43.62,ENTUPIMENTO,7.29,285.88,3.39,52.58,30.04,1798,747,1.77,1.97,RUIM
Turu,15.83,-2.5379,-44.2474,42.71,ENTUPIMENTO,7.23,424.1,4.89,306.59,26.69,2272,322,0.47,1.45,RUIM
Bequimao,15.93,-2.5589,-44.2484,58.89,ENTUPIMENTO,6.97,308.76,1.7,211.88,20.79,825,855,1.53,2.07,RUIM
Turu,16.03,-2.5379,-44.2474,43.13,ENTUPIMENTO,7.18,501.25,4.3,988.5,18.95,1140,498,0.2,0.86,RUIM
Bequimao,16.2,-2.5589,-44.2484,660.76,VAZAMENTO,7.44,288.55,2.27,792.51,19.09,1472,520,1.63,3.59,RUIM
Bequimao,16.23,-2.5589,-44.2484,646.7,VAZAMENTO,7.8,378.75,3.78,137.67,25.31,1206,663,0.5,4.42,RUIM
Bequimao,16.53,-2.5589,-44.2484,56.44,ENTUPIMENTO,7.08,271.56,3.0,705.97,32.03,1060,437,0.57,4.24,RUIM
Bequimao,16.73,-2.5589,-44.2484,61.36,ENTUPIMENTO,7.6,488.94,3.06,507.88,25.58,1249,925,0.64,4.74,RUIM
Turu,17.13,-2.5379,-44.2474,476.35,VAZAMENTO,8.06,386.94,4.62,162.48,26.18,1299,850,0.41,4.1,RUIM
Bequimao,17.3,-2.5589,-44.2484,622.57,VAZAMENTO,7.75,252.05,4.22,527.11,22.52,1583,669,0.85,0.72,MODERADA
Turu,17.37,-2.5379,-44.2474,476.43,VAZAMENTO,6.89,578.39,2.2,538.33,24.82,852,862,1.67,2.96,RUIM
Turu,17.47,-2.5379,-44.2474,38.21,ENTUPIMENTO,6.54,268.72,3.76,187.14,23.42,1746,883,1.93,4.12,RUIM
Turu,17.67,-2.5379,-44.2474,40.47,ENTUPIMENTO,8.02,230.16,2.47,480.88,20.0,1255,721,0.61,3.5,MODERADA
Turu,18.07,-2.5379,-44.2474,424.02,VAZAMENTO,7.55,366.48,4.93,116.65,28.92,1661,354,1.87,2.06,RUIM
Cohama,0.07,-2.4877,-44.2287,60.54,ENTUPIMENTO,8.12,450.84,4.96,591.25,24.59,916,356,0.23,4.74,RUIM
Cohama,0.5,-2.4877,-44.2287,676.34,VAZAMENTO,7.61,259.92,1.55,365.08,23.41,1565,471,1.5,2.77,RUIM
Cohama,1.6,-2.4877,-44.2287,60.79,ENTUPIMENTO,6.75,350.34,3.75,822.9,23.8,1712,551,0.08,2.29,RUIM
Cohama,1.8,-2.4877,-44.2287,682.65,VAZAMENTO,6.6,230.01,2.5,608.85,29.99,1045,268,1.53,4.83,RUIM
Cohama,2.03,-2.4877,-44.2287,733.58,VAZAMENTO,7.56,209.32,1.66,664.92,30.46,1454,191,0.47,2.65,RUIM
Sao_Cristovao,2.1,-2.4954,-44.2652,534.84,VAZAMENTO,7.48,513.83,3.83,345.68,30.99,786,913,0.07,4.19,RUIM
Cohama,2.1,-2.4877,-44.2287,661.96,VAZAMENTO,7.2,542.7,4.62,635.04,19.95,1616,807,1.33,4.75,RUIM
Cohama,2.23,-2.4877,-44.2287,59.32,ENTUPIMENTO,8.01,496.42,1.75,373.32,28.3,2152,548,0.85,4.92,RUIM
Sao_Cristovao,2.37,-2.4954,-44.2652,42.96,ENTUPIMENTO,7.72,440.78,2.16,247.61,23.5,594,862,0.7,1.21,MODERADA
Sao_Cristovao,2.53,-2.4954,-44.2652,487.41,VAZAMENTO,6.61,279.56,2.4,725.76,27.82,1066,1020,1.82,4.91,RUIM
Sao_Cristovao,2.63,-2.4954,-44.2652,47.05,ENTUPIMENTO,7.26,441.75,3.08,927.05,32.66,1211,258,1.25,3.19,RUIM
Cohama,2.67,-2.4877,-44.2287,663.75,VAZAMENTO,7.72,352.28,2.63,620.87,23.87,1180,165,1.22,4.59,RUIM
Sao_Cristovao,3.3,-2.4954,-44.2652,493.07,VAZAMENTO,6.88,331.39,2.74,250.86,22.81,1824,144,1.47,3.94,MODERADA
Sao_Cristovao,3.63,-2.4954,-44.2652,45.26,ENTUPIMENTO,6.92,270.78,3.33,191.9,18.3,1374,350,0.15,2.8,MODERADA
Cohama,4.33,-2.4877,-44.2287,710.84,VAZAMENTO,7.36,435.48,3.09,756.22,20.67,2153,1036,0.47,2.04,RUIM
Cohama,4.67,-2.4877,-44.2287,62.56,ENTUPIMENTO,6.53,552.6,2.23,930.3,22.64,970,806,1.21,2.54,RUIM
Cohama,4.73,-2.4877,-44.2287,62.01,ENTUPIMENTO,6.5,575.41,1.62,751.82,19.47,555,511,1.01,4.39,RUIM
Sao_Cristovao,4.93,-2.4954,-44.2652,465.55,VAZAMENTO,6.88,517.33,2.58,614.46,18.17,591,121,0.74,4.26,RUIM
Cohama,4.93,-2.4877,-44.2287,65.24,ENTUPIMENTO,6.68,216.54,1.29,391.53,21.57,1464,155,1.0,3.17,RUIM
Sao_Cristovao,5.13,-2.4954,-44.2652,483.68,VAZAMENTO,6.66,315.12,3.79,509.79,24.56,598,465,1.12,1.22,MODERADA
Sao_Cristovao,5.6,-2.4954,-44.2652,483.18,VAZAMENTO,7.9,282.3,4.39,804.62,27.28,1582,834,1.82,0.69,RUIM
Cohama,5.7,-2.4877,-44.2287,657.39,VAZAMENTO,8.16,452.26,3.62,891.74,26.87,935,789,0.01,2.34,RUIM
Cohama,5.77,-2.4877,-44.2287,64.17,ENTUPIMENTO,6.81,324.62,1.85,196.65,21.09,2043,663,1.09,2.9,RUIM
Cohama,5.83,-2.4877,-44.2287,685.87,VAZAMENTO,6.53,567.72,1.54,957.85,20.18,1228,1091,0.85,4.86,RUIM
Sao_Cristovao,6.07,-2.4954,-44.2652,519.4,VAZAMENTO,7.19,521.87,4.43,719.55,25.42,1326,203,1.63,1.37,RUIM
Cohama,6.13,-2.4877,-44.2287,655.42,VAZAMENTO,7.28,499.65,2.98,384.3,32.49,1873,985,1.59,4.45,RUIM
Sao_Cristovao,6.73,-2.4954,-44.2652,481.01,VAZAMENTO,8.39,394.73,1.06,60.5,24.2,1769,990,0.2,0.81,RUIM
Cohama,6.77,-2.4877,-44.2287,60.05,ENTUPIMENTO,8.26,397.61,3.84,803.19,24.95,1129,431,1.85,2.34,RUIM
Sao_Cristovao,7.3,-2.4954,-44.2652,45.87,ENTUPIMENTO,7.89,224.51,3.58,584.26,28.68,802,531,1.02,3.1,MODERADA
Cohama,7.47,-2.4877,-44.2287,65.61,ENTUPIMENTO,6.7,471.54,4.26,336.94,31.73,1373,402,1.19,3.23,MODERADA
Sao_Cristovao,7.63,-2.4954,-44.2652,42.44,ENTUPIMENTO,7.62,247.25,4.37,561.95,32.61,1047,933,0.67,1.41,MODERADA
Sao_Cristovao,7.8,-2.4954,-44.2652,480.96,VAZAMENTO,7.45,561.2,4.06,77.19,27.38,692,903,1.05,4.67,RUIM
Cohama,7.87,-2.4877,-44.2287,64.82,ENTUPIMENTO,8.11,453.76,1.96,965.36,18.49,858,565,0.0,2.84,RUIM
Cohama,7.9,-2.4877,-44.2287,65.05,ENTUPIMENTO,8.19,496.45,1.25,839.41,32.1,2371,216,0.23,4.24,RUIM
Cohama,8.47,-2.4877,-44.2287,65.29,ENTUPIMENTO,7.21,360.27,2.32,389.49,19.63,1157,823,0.39,1.84,MODERADA
Sao_Cristovao,8.67,-2.4954,-44.2652,45.73,ENTUPIMENTO,7.96,324.17,2.22,811.73,27.98,648,345,0.13,2.41,RUIM
Cohama,8.7,-2.4877,-44.2287,63.16,ENTUPIMENTO,7.12,368.43,1.55,373.07,22.04,1737,1000,0.81,1.27,RUIM
Sao_Cristovao,8.83,-2.4954,-44.2652,41.16,ENTUPIMENTO,7.69,565.5,2.35,745.04,29.83,1286,851,0.01,3.23,RUIM
Sao_Cristovao,9.33,-2.4954,-44.2652,531.27,VAZAMENTO,6.65,531.89,2.03,456.22,32.81,2295,310,0.85,3.65,RUIM
Cohama,9.37,-2.4877,-44.2287,64.98,ENTUPIMENTO,6.96,308.93,2.15,524.04,31.98,971,369,1.22,2.15,MODERADA
Sao_Cristovao,9.43,-2.4954,-44.2652,538.37,VAZAMENTO,7.77,412.98,1.45,178.96,22.96,1813,371,1.41,4.66,RUIM
Cohama,9.73,-2.4877,-44.2287,63.38,ENTUPIMENTO,7.98,232.84,4.32,329.41,20.84,959,848,0.16,3.52,MODERADA
Cohama,10.2,-2.4877,-44.2287,65.77,ENTUPIMENTO,8.18,385.13,4.96,209.92,24.29,2317,342,0.57,1.31,RUIM
Sao_Cristovao,10.97,-2.4954,-44.2652,41.45,ENTUPIMENTO,8.38,587.51,4.67,798.92,23.43,2399,246,0.36,2.1,RUIM
Sao_Cristovao,11.27,-2.4954,-44.2652,501.55,VAZAMENTO,6.7,301.99,2.71,281.74,30.72,1863,1066,0.51,2.08,MODERADA
Sao_Cristovao,11.4,-2.4954,-44.2652,41.15,ENTUPIMENTO,6.7,568.56,3.55,819.73,18.5,1205,515,0.09,3.35,RUIM
Cohama,11.47,-2.4877,-44.2287,61.66,ENTUPIMENTO,6.75,479.35,3.0,452.32,22.74,704,1062,1.17,0.96,MODERADA
Sao_Cristovao,11.5,-2.4954,-44.2652,44.21,ENTUPIMENTO,8.33,360.21,3.06,739.95,19.97,699,339,0.52,1.77,MODERADA
Sao_Cristovao,11.73,-2.4954,-44.2652,45.46,ENTUPIMENTO,7.93,320.63,4.84,776.0,25.9,1134,845,1.22,1.9,MODERADA
Sao_Cristovao,11.9,-2.4954,-44.2652,526.73,VAZAMENTO,7.57,231.1,2.67,162.11,18.15,2041,231,1.8,3.83,RUIM
Cohama,11.97,-2.4877,-44.2287,671.84,VAZAMENTO,8.2,244.54,2.43,981.69,23.07,1191,488,1.57,1.2,RUIM
Sao_Cristovao,12.4,-2.4954,-44.2652,468.84,VAZAMENTO,7.16,254.28,3.08,347.43,31.68,1408,109,0.62,1.95,MODERADA
Cohama,12.6,-2.4877,-44.2287,676.32,VAZAMENTO,8.19,306.91,2.91,810.69,31.41,2383,385,0.49,2.38,RUIM
Sao_Cristovao,12.87,-2.4954,-44.2652,42.77,ENTUPIMENTO,8.17,218.2,4.54,253.45,23.85,1679,501,1.16,1.54,MODERADA
Cohama,13.17,-2.4877,-44.2287,656.72,VAZAMENTO,7.87,538.19,4.61,637.49,31.14,951,941,0.01,0.81,RUIM
Sao_Cristovao,13.43,-2.4954,-44.2652,46.86,ENTUPIMENTO,7.29,544.03,1.8,594.82,32.18,1439,968,1.36,2.06,RUIM
Cohama,14.1,-2.4877,-44.2287,737.13,VAZAMENTO,8.13,540.26,1.63,86.33,27.7,626,1049,1.11,3.04,RUIM
Cohama,14.67,-2.4877,-44.2287,65.76,ENTUPIMENTO,6.53,215.01,4.31,353.23,20.95,1422,641,0.15,1.41,MODERADA
Cohama,14.77,-2.4877,-44.2287,63.2,ENTUPIMENTO,7.16,537.81,1.62,410.79,22.58,1272,1005,1.13,4.52,RUIM
Sao_Cristovao,14.93,-2.4954,-44.2652,43.56,ENTUPIMENTO,6.84,369.47,1.0,954.08,20.45,1584,395,1.93,0.52,RUIM
Sao_Cristovao,15.07,-2.4954,-44.2652,495.39,VAZAMENTO,7.49,208.74,4.4,106.64,22.76,1217,405,0.52,0.88,MODERADA
Cohama,15.17,-2.4877,-44.2287,58.95,ENTUPIMENTO,8.18,303.14,2.91,451.52,28.03,2138,392,1.91,2.31,RUIM
Sao_Cristovao,15.67,-2.4954,-44.2652,462.91,VAZAMENTO,8.03,226.66,4.14,383.01,30.93,1007,917,1.81,2.4,RUIM
Sao_Cristovao,16.2,-2.4954,-44.2652,490.37,VAZAMENTO,8.44,209.28,4.06,535.48,23.27,2440,107,1.35,4.94,RUIM
Cohama,16.23,-2.4877,-44.2287,733.06,VAZAMENTO,7.32,310.55,4.9,610.95,18.33,2439,483,1.93,1.82,RUIM
Sao_Cristovao,16.27,-2.4954,-44.2652,518.62,VAZAMENTO,6.68,298.29,2.89,209.06,27.72,2315,544,0.85,3.18,RUIM
Cohama,16.27,-2.4877,-44.2287,64.28,ENTUPIMENTO,6.84,328.93,2.86,186.41,18.85,714,489,1.32,2.37,MODERADA
Cohama,16.53,-2.4877,-44.2287,60.99,ENTUPIMENTO,7.55,359.65,4.37,69.64,19.57,1404,746,0.41,3.85,MODERADA
Sao_Cristovao,17.03,-2.4954,-44.2652,494.85,VAZAMENTO,8.27,435.06,1.06,702.8,22.34,1437,682,1.35,3.04,RUIM
Cohama,17.03,-2.4877,-44.2287,59.8,ENTUPIMENTO,6.83,378.49,3.8,650.68,19.91,1370,749,1.67,0.7,RUIM
Cohama,17.17,-2.4877,-44.2287,63.95,ENTUPIMENTO,7.14,267.75,3.59,805.18,29.96,1897,616,0.79,4.84,RUIM
Cohama,17.5,-2.4877,-44.2287,62.0,ENTUPIMENTO,7.15,328.73,3.61,977.24,26.93,2372,1042,0.87,2.02,RUIM
Cohama,17.57,-2.4877,-44.2287,62.25,ENTUPIMENTO,6.94,326.42,1.35,354.32,25.62,2083,438,0.58,3.25,RUIM
Cohama,17.63,-2.4877,-44.2287,64.31,ENTUPIMENTO,7.82,291.78,2.57,862.12,27.99,658,629,1.03,1.06,RUIM
Cohama,17.77,-2.4877,-44.2287,673.04,VAZAMENTO,8.48,393.83,4.74,611.78,23.01,1844,218,1.63,2.95,RUIM
Sao_Cristovao,17.83,-2.4954,-44.2652,42.4,ENTUPIMENTO,8.45,572.61,2.81,728.69,20.15,2340,354,1.39,3.78,RUIM
Sao_Cristovao,18.4,-2.4954,-44.2652,530.98,VAZAMENTO,8.49,459.61,2.22,719.16,28.09,1205,364,1.64,3.45,RUIM
Sao_Cristovao,18.5,-2.4954,-44.2652,45.24,ENTUPIMENTO,8.02,379.19,1.24,292.43,32.26,2420,746,0.25,1.99,RUIM
Cohama,18.5,-2.4877,-44.2287,64.09,ENTUPIMENTO,8.33,577.85,1.27,649.07,18.28,2095,661,1.66,3.35,RUIM
Cohama,18.83,-2.4877,-44.2287,65.84,ENTUPIMENTO,7.71,541.03,4.05,332.02,25.09,2478,333,1.49,4.75,RUIM
Sao_Cristovao,0.0,-2.4954,-44.2652,472.22,VAZAMENTO,8.5,400.51,4.48,800.16,24.26,1861,795,1.34,3.07,RUIM
Sao_Cristovao,0.33,-2.4954,-44.2652,513.78,VAZAMENTO,7.04,432.25,1.27,571.27,20.97,1193,663,1.1,3.93,RUIM
Sao_Cristovao,0.4,-2.4954,-44.2652,47.47,ENTUPIMENTO,6.97,219.31,4.69,771.84,27.53,1035,377,1.27,1.59,MODERADA
Sao_Cristovao,0.43,-2.4954,-44.2652,481.44,VAZAMENTO,7.47,542.37,1.2,712.96,21.75,2190,1080,1.53,2.68,RUIM
Sao_Cristovao,0.47,-2.4954,-44.2652,44.83,ENTUPIMENTO,6.94,380.31,2.18,180.0,29.72,1740,343,0.11,2.64,MODERADA
Cohama,0.87,-2.4877,-44.2287,671.32,VAZAMENTO,7.22,560.47,2.44,696.6,20.81,1319,248,0.87,4.02,RUIM
Sao_Cristovao,0.93,-2.4954,-44.2652,535.16,VAZAMENTO,7.58,278.72,1.6,586.34,20.03,1624,237,0.8,4.6,RUIM
Cohama,0.97,-2.4877,-44.2287,707.25,VAZAMENTO,7.61,256.63,2.05,613.8,29.84,1454,714,1.7,3.5,RUIM
Cohama,1.0,-2.4877,-44.2287,59.74,ENTUPIMENTO,7.35,554.18,2.69,383.54,26.34,888,826,0.44,4.6,RUIM
Cohama,1.67,-2.4877,-44.2287,60.07,ENTUPIMENTO,7.35,431.2,2.94,509.24,31.61,1620,1030,1.89,0.72,RUIM
Sao_Cristovao,1.93,-2.4954,-44.2652,512.7,VAZAMENTO,7.59,431.03,1.99,685.11,21.24,1692,387,1.73,0.76,RUIM
Sao_Cristovao,2.47,-2.4954,-44.2652,43.66,ENTUPIMENTO,7.1,307.39,3.42,275.65,27.45,2112,942,0.48,3.8,RUIM
Cohama,2.5,-2.4877,-44.2287,62.31,ENTUPIMENTO,8.16,441.67,4.27,634.78,24.08,1573,1058,0.65,0.98,MODERADA
Sao_Cristovao,2.67,-2.4954,-44.2652,43.82,ENTUPIMENTO,6.88,391.41,3.03,350.8,27.92,911,1098,1.24,1.89,MODERADA
Sao_Cristovao,3.03,-2.4954,-44.2652,504.6,VAZAMENTO,6.6,458.77,2.93,108.22,26.9,2124,210,0.58,4.96,RUIM
Cohama,3.2,-2.4877,-44.2287,59.0,ENTUPIMENTO,7.43,576.52,2.94,578.19,18.1,752,419,0.84,4.68,RUIM
Cohama,3.4,-2.4877,-44.2287,723.78,VAZAMENTO,7.82,334.16,2.48,843.58,24.49,1532,623,1.5,2.98,RUIM
Cohama,3.63,-2.4877,-44.2287,709.44,VAZAMENTO,7.4,341.56,4.78,676.25,20.93,1351,365,0.72,3.82,MODERADA
Sao_Cristovao,3.73,-2.4954,-44.2652,40.98,ENTUPIMENTO,6.63,323.19,2.64,188.21,23.47,888,323,1.33,1.31,MODERADA
Sao_Cristovao,3.8,-2.4954,-44.2652,45.44,ENTUPIMENTO,6.78,347.21,1.34,245.66,31.93,1348,151,0.91,3.93,RUIM
Sao_Cristovao,4.0,-2.4954,-44.2652,45.04,ENTUPIMENTO,7.24,281.54,2.51,180.32,28.01,985,437,0.06,4.98,RUIM
Sao_Cristovao,4.27,-2.4954,-44.2652,463.56,VAZAMENTO,7.07,350.38,1.81,50.17,32.69,1271,284,0.73,2.65,RUIM
Sao_Cristovao,4.3,-2.4954,-44.2652,43.36,ENTUPIMENTO,7.22,203.21,3.31,790.25,22.41,1052,1060,0.81,4.33,RUIM
Sao_Cristovao,4.43,-2.4954,-44.2652,513.94,VAZAMENTO,7.13,381.07,2.74,554.91,20.15,1966,462,1.46,0.95,MODERADA
Sao_Cristovao,4.8,-2.4954,-44.2652,502.96,VAZAMENTO,6.87,462.37,4.32,66.52,22.86,1121,707,1.76,0.73,RUIM
Cohama,5.13,-2.4877,-44.2287,58.48,ENTUPIMENTO,6.73,439.34,3.61,870.36,18.86,2065,480,1.12,3.28,RUIM
Cohama,5.3,-2.4877,-44.2287,64.36,ENTUPIMENTO,6.9,481.53,4.96,615.37,24.62,1449,992,0.43,2.03,MODERADA
Sao_Cristovao,5.33,-2.4954,-44.2652,512.78,VAZAMENTO,7.47,598.93,3.27,526.7,30.25,2265,434,1.97,4.43,RUIM
Sao_Cristovao,5.43,-2.4954,-44.2652,42.19,ENTUPIMENTO,7.57,361.53,1.1,614.98,28.87,1159,518,1.41,0.85,RUIM
Sao_Cristovao,5.5,-2.4954,-44.2652,45.37,ENTUPIMENTO,7.73,537.39,3.56,568.07,32.14,738,664,1.77,2.69,RUIM
Sao_Cristovao,5.7,-2.4954,-44.2652,462.5,VAZAMENTO,8.36,297.38,4.65,307.77,32.08,1225,346,0.96,2.61,MODERADA
Cohama,6.07,-2.4877,-44.2287,703.9,VAZAMENTO,7.87,262.14,1.25,588.03,32.55,1819,975,1.16,1.79,RUIM
Sao_Cristovao,6.83,-2.4954,-44.2652,43.74,ENTUPIMENTO,7.78,208.93,2.43,620.29,26.35,896,296,1.63,3.47,RUIM
Cohama,7.23,-2.4877,-44.2287,681.94,VAZAMENTO,7.79,527.2,2.63,637.16,27.65,504,388,1.62,1.8,RUIM
Cohama,7.37,-2.4877,-44.2287,65.14,ENTUPIMENTO,8.05,334.14,4.69,893.78,26.0,1036,853,1.64,0.8,RUIM
Cohama,7.6,-2.4877,-44.2287,61.9,ENTUPIMENTO,8.0,455.43,2.41,943.58,18.14,776,197,1.13,2.27,RUIM
Cohama,7.87,-2.4877,-44.2287,64.73,ENTUPIMENTO,8.19,299.28,2.29,865.14,24.32,1094,639,0.54,4.46,RUIM
Sao_Cristovao,7.97,-2.4954,-44.2652,43.21,ENTUPIMENTO,8.46,593.07,2.16,175.79,28.48,1037,298,1.94,2.6,RUIM
Cohama,8.47,-2.4877,-44.2287,62.52,ENTUPIMENTO,8.32,496.97,2.6,955.39,19.18,1348,382,0.6,0.86,RUIM
Sao_Cristovao,9.2,-2.4954,-44.2652,46.08,ENTUPIMENTO,6.7,351.74,1.16,471.79,22.7,1103,362,1.12,2.12,RUIM
Sao_Cristovao,9.4,-2.4954,-44.2652,45.8,ENTUPIMENTO,7.53,599.12,2.31,777.83,31.02,1705,1026,1.88,4.5,RUIM
Cohama,9.43,-2.4877,-44.2287,64.79,ENTUPIMENTO,6.79,266.43,2.37,892.66,24.64,666,855,0.15,4.48,RUIM
Sao_Cristovao,9.7,-2.4954,-44.2652,46.34,ENTUPIMENTO,7.5,397.34,2.28,607.74,26.12,842,222,1.35,0.72,MODERADA
Cohama,10.17,-2.4877,-44.2287,59.46,ENTUPIMENTO,6.88,227.42,4.12,524.11,22.44,986,666,1.55,0.81,RUIM
Cohama,10.23,-2.4877,-44.2287,706.24,VAZAMENTO,7.18,208.43,1.76,217.92,20.76,2377,571,1.79,4.2,RUIM
Sao_Cristovao,10.27,-2.4954,-44.2652,47.08,ENTUPIMENTO,7.71,310.7,3.61,370.27,23.61,2143,517,1.99,4.51,RUIM
Sao_Cristovao,10.63,-2.4954,-44.2652,47.72,ENTUPIMENTO,8.19,481.71,3.27,508.93,28.46,991,508,0.68,4.6,RUIM
Sao_Cristovao,10.67,-2.4954,-44.2652,41.65,ENTUPIMENTO,8.33,456.67,4.36,149.23,22.32,966,778,0.29,2.08,MODERADA
Sao_Cristovao,11.4,-2.4954,-44.2652,43.71,ENTUPIMENTO,6.8,332.48,1.13,153.1,32.91,1062,274,0.87,2.88,RUIM
Sao_Cristovao,11.67,-2.4954,-44.2652,476.5,VAZAMENTO,6.56,267.61,3.11,776.71,32.55,1914,995,0.27,3.72,MODERADA
Cohama,11.67,-2.4877,-44.2287,61.33,ENTUPIMENTO,8.4,484.44,2.2,529.23,22.97,656,573,0.96,3.64,MODERADA
Sao_Cristovao,11.77,-2.4954,-44.2652,46.95,ENTUPIMENTO,7.44,578.52,3.57,807.24,23.81,2120,719,0.57,2.98,RUIM
Sao_Cristovao,11.8,-2.4954,-44.2652,42.41,ENTUPIMENTO,8.28,452.43,2.13,354.11,22.32,1886,538,1.76,4.83,RUIM
Cohama,12.33,-2.4877,-44.2287,700.45,VAZAMENTO,6.88,308.79,4.48,576.07,31.28,1175,697,1.67,3.89,RUIM
Cohama,12.37,-2.4877,-44.2287,661.58,VAZAMENTO,7.05,343.62,2.01,490.63,31.44,809,804,0.11,1.44,MODERADA
Cohama,12.4,-2.4877,-44.2287,58.8,ENTUPIMENTO,7.77,425.14,1.55,401.4,29.49,2018,624,0.56,4.81,RUIM
Cohama,12.7,-2.4877,-44.2287,665.52,VAZAMENTO,7.19,546.11,2.84,336.86,30.51,1661,192,1.1,2.98,RUIM
Sao_Cristovao,12.73,-2.4954,-44.2652,41.93,ENTUPIMENTO,7.0,496.24,2.13,713.98,25.78,1847,231,1.93,4.93,RUIM
Sao_Cristovao,12.77,-2.4954,-44.2652,43.04,ENTUPIMENTO,8.01,377.66,4.41,777.65,25.49,2109,191,0.7,2.04,RUIM
Cohama,13.63,-2.4877,-44.2287,660.64,VAZAMENTO,7.38,353.31,3.0,986.6,20.6,1636,901,0.47,0.7,RUIM
Sao_Cristovao,13.67,-2.4954,-44.2652,47.02,ENTUPIMENTO,6.93,288.33,2.05,976.47,28.72,1763,335,1.7,4.8,RUIM
Sao_Cristovao,13.73,-2.4954,-44.2652,480.43,VAZAMENTO,7.1,594.05,3.3,617.89,19.25,1263,584,2.0,2.55,RUIM
Sao_Cristovao,13.87,-2.4954,-44.2652,45.59,ENTUPIMENTO,7.23,493.25,4.51,665.33,21.29,2263,261,0.84,1.81,RUIM
Cohama,13.87,-2.4877,-44.2287,63.8,ENTUPIMENTO,7.71,248.64,1.03,542.02,28.69,1092,1048,0.16,3.19,RUIM
Cohama,14.1,-2.4877,-44.2287,695.58,VAZAMENTO,7.23,547.21,2.39,970.66,22.92,825,710,1.93,3.73,RUIM
Cohama,14.3,-2.4877,-44.2287,660.14,VAZAMENTO,8.19,349.29,2.06,155.62,21.67,1235,191,0.97,4.57,RUIM
Cohama,14.97,-2.4877,-44.2287,63.41,ENTUPIMENTO,6.73,401.92,1.94,613.55,24.73,547,992,1.87,2.93,RUIM
Cohama,15.27,-2.4877,-44.2287,683.41,VAZAMENTO,7.71,400.52,2.32,665.87,26.63,960,878,0.8,0.56,MODERADA
Sao_Cristovao,15.47,-2.4954,-44.2652,46.75,ENTUPIMENTO,7.23,357.24,3.2,289.05,24.58,1030,445,0.93,3.95,MODERADA
Sao_Cristovao,15.67,-2.4954,-44.2652,43.3,ENTUPIMENTO,7.52,584.53,3.69,248.43,21.56,1567,128,0.78,4.85,RUIM
Cohama,16.63,-2.4877,-44.2287,61.91,ENTUPIMENTO,8.07,449.27,2.75,111.26,27.5,1440,291,0.86,2.59,MODERADA
Sao_Cristovao,16.77,-2.4954,-44.2652,45.47,ENTUPIMENTO,6.85,399.79,1.72,803.9,19.44,591,730,0.08,4.21,RUIM
Sao_Cristovao,17.1,-2.4954,-44.2652,530.34,VAZAMENTO,8.09,410.11,1.1,229.94,24.8,2196,481,0.96,0.6,RUIM
Cohama,17.13,-2.4877,-44.2287,62.03,ENTUPIMENTO,7.66,578.68,3.64,231.1,24.86,669,559,0.93,3.34,RUIM
Sao_Cristovao,17.33,-2.4954,-44.2652,502.21,VAZAMENTO,8.35,239.94,3.61,108.61,31.03,1914,407,0.87,3.65,MODERADA
Cohama,17.63,-2.4877,-44.2287,60.06,ENTUPIMENTO,6.55,554.4,3.72,180.08,30.15,961,587,0.31,1.86,RUIM
